;item;Label;GINEModel;GENModel;GATModel
0;Data(x=[13, 1], edge_index=[2, 24], edge_attr=[24, 2], y=4.0, custom_label=0.33333334, min_label=0, max_label=12);0.3333333432674408;0.28419938683509827;0.3437272906303406;0.0
1;Data(x=[39, 1], edge_index=[2, 76], edge_attr=[76, 2], y=2.0, custom_label=0.06451613, min_label=0, max_label=31);0.06451612710952759;0.0683516412973404;0.0208201315253973;0.0
2;Data(x=[15, 1], edge_index=[2, 26], edge_attr=[26, 2], y=3.0, custom_label=0.23076923, min_label=0, max_label=13);0.23076923191547394;0.3822766840457916;0.2584165334701538;0.0
3;Data(x=[20, 1], edge_index=[2, 32], edge_attr=[32, 2], y=7.0, custom_label=0.35, min_label=0, max_label=20);0.3499999940395355;0.31668615341186523;0.385042667388916;0.0
4;Data(x=[22, 1], edge_index=[2, 40], edge_attr=[40, 2], y=0.0, custom_label=0.0, min_label=0, max_label=32);0.0;0.128941148519516;0.005422307178378105;0.0
5;Data(x=[37, 1], edge_index=[2, 70], edge_attr=[70, 2], y=22.0, custom_label=0.7586207, min_label=0, max_label=29);0.7586206793785095;0.5829991698265076;0.7522696852684021;0.0
6;Data(x=[41, 1], edge_index=[2, 70], edge_attr=[70, 2], y=16.0, custom_label=0.516129, min_label=0, max_label=31);0.5161290168762207;0.531292200088501;0.5156627297401428;0.0
7;Data(x=[46, 1], edge_index=[2, 86], edge_attr=[86, 2], y=27.0, custom_label=0.9, min_label=0, max_label=30);0.8999999761581421;0.8459255695343018;0.4658650755882263;0.0
8;Data(x=[20, 1], edge_index=[2, 32], edge_attr=[32, 2], y=5.0, custom_label=0.25, min_label=0, max_label=20);0.25;0.2586219310760498;0.07749174535274506;0.0
9;Data(x=[13, 1], edge_index=[2, 20], edge_attr=[20, 2], y=8.0, custom_label=0.8, min_label=0, max_label=10);0.800000011920929;0.35781729221343994;0.3376722037792206;0.0
10;Data(x=[37, 1], edge_index=[2, 70], edge_attr=[70, 2], y=21.0, custom_label=0.75, min_label=0, max_label=28);0.75;0.48723477125167847;0.6472644209861755;0.0
11;Data(x=[23, 1], edge_index=[2, 34], edge_attr=[34, 2], y=17.0, custom_label=0.60714287, min_label=0, max_label=28);0.6071428656578064;0.7239685654640198;0.48826393485069275;0.0
12;Data(x=[21, 1], edge_index=[2, 38], edge_attr=[38, 2], y=12.0, custom_label=0.6, min_label=0, max_label=20);0.6000000238418579;0.5263815522193909;0.41054022312164307;0.0
13;Data(x=[16, 1], edge_index=[2, 28], edge_attr=[28, 2], y=3.0, custom_label=0.23076923, min_label=0, max_label=13);0.23076923191547394;0.11436222493648529;0.20255649089813232;0.0
14;Data(x=[23, 1], edge_index=[2, 42], edge_attr=[42, 2], y=3.0, custom_label=0.10714286, min_label=0, max_label=28);0.1071428582072258;0.15952835977077484;0.16876932978630066;0.0
15;Data(x=[24, 1], edge_index=[2, 44], edge_attr=[44, 2], y=0.0, custom_label=0.0, min_label=0, max_label=26);0.0;0.09251474589109421;0.03895397484302521;0.0
16;Data(x=[19, 1], edge_index=[2, 34], edge_attr=[34, 2], y=0.0, custom_label=0.0, min_label=0, max_label=16);0.0;0.09971334785223007;0.012450133450329304;0.0
17;Data(x=[26, 1], edge_index=[2, 48], edge_attr=[48, 2], y=7.0, custom_label=0.21875, min_label=0, max_label=32);0.21875;0.21235333383083344;0.4264355003833771;0.0
18;Data(x=[37, 1], edge_index=[2, 70], edge_attr=[70, 2], y=10.0, custom_label=0.35714287, min_label=0, max_label=28);0.3571428656578064;0.36864227056503296;0.3438066244125366;0.0
19;Data(x=[24, 1], edge_index=[2, 46], edge_attr=[46, 2], y=3.0, custom_label=0.15, min_label=0, max_label=20);0.15000000596046448;0.3212222754955292;0.1858467310667038;0.0
20;Data(x=[44, 1], edge_index=[2, 82], edge_attr=[82, 2], y=18.0, custom_label=0.6, min_label=0, max_label=30);0.6000000238418579;0.5466503500938416;0.47451236844062805;0.0
21;Data(x=[19, 1], edge_index=[2, 26], edge_attr=[26, 2], y=9.0, custom_label=0.42857143, min_label=0, max_label=21);0.4285714328289032;0.5930025577545166;0.4505232572555542;0.0
22;Data(x=[24, 1], edge_index=[2, 44], edge_attr=[44, 2], y=10.0, custom_label=0.35714287, min_label=0, max_label=28);0.3571428656578064;0.41856682300567627;0.1905401647090912;0.0
23;Data(x=[19, 1], edge_index=[2, 32], edge_attr=[32, 2], y=3.0, custom_label=0.15, min_label=0, max_label=20);0.15000000596046448;0.29672953486442566;0.021733470261096954;0.0
24;Data(x=[28, 1], edge_index=[2, 54], edge_attr=[54, 2], y=3.0, custom_label=0.0882353, min_label=0, max_label=34);0.0882352963089943;0.07836483418941498;0.018787633627653122;0.0
25;Data(x=[21, 1], edge_index=[2, 36], edge_attr=[36, 2], y=4.0, custom_label=0.25, min_label=0, max_label=16);0.25;0.3941061496734619;0.564589262008667;0.0
26;Data(x=[11, 1], edge_index=[2, 16], edge_attr=[16, 2], y=3.0, custom_label=0.3, min_label=0, max_label=10);0.30000001192092896;0.32991012930870056;0.3869170546531677;0.0
27;Data(x=[50, 1], edge_index=[2, 98], edge_attr=[98, 2], y=29.0, custom_label=0.7837838, min_label=0, max_label=37);0.7837837934494019;0.6457342505455017;0.6504996418952942;0.0
28;Data(x=[26, 1], edge_index=[2, 48], edge_attr=[48, 2], y=14.0, custom_label=0.7, min_label=0, max_label=20);0.699999988079071;0.4382878243923187;0.6015295386314392;0.0
29;Data(x=[42, 1], edge_index=[2, 80], edge_attr=[80, 2], y=9.0, custom_label=0.29032257, min_label=0, max_label=31);0.29032257199287415;0.4626827836036682;0.345049649477005;0.0
30;Data(x=[21, 1], edge_index=[2, 40], edge_attr=[40, 2], y=3.0, custom_label=0.115384616, min_label=0, max_label=26);0.11538461595773697;0.13868193328380585;0.3221313953399658;0.0
31;Data(x=[31, 1], edge_index=[2, 56], edge_attr=[56, 2], y=11.0, custom_label=0.39285713, min_label=0, max_label=28);0.3928571343421936;0.5390498042106628;0.4301315248012543;0.0
32;Data(x=[19, 1], edge_index=[2, 34], edge_attr=[34, 2], y=2.0, custom_label=0.11111111, min_label=0, max_label=18);0.1111111119389534;0.17142654955387115;0.15688076615333557;0.0
33;Data(x=[45, 1], edge_index=[2, 86], edge_attr=[86, 2], y=7.0, custom_label=0.21212122, min_label=0, max_label=33);0.21212121844291687;0.3692462146282196;0.28980258107185364;0.0
34;Data(x=[37, 1], edge_index=[2, 68], edge_attr=[68, 2], y=10.0, custom_label=0.35714287, min_label=0, max_label=28);0.3571428656578064;0.20418736338615417;0.3693229854106903;0.0
35;Data(x=[26, 1], edge_index=[2, 40], edge_attr=[40, 2], y=10.0, custom_label=0.3125, min_label=0, max_label=32);0.3125;0.565401554107666;0.4289599061012268;0.0
36;Data(x=[18, 1], edge_index=[2, 32], edge_attr=[32, 2], y=6.0, custom_label=0.27272728, min_label=0, max_label=22);0.27272728085517883;0.2690500020980835;0.7180611491203308;0.0
37;Data(x=[18, 1], edge_index=[2, 32], edge_attr=[32, 2], y=3.0, custom_label=0.13636364, min_label=0, max_label=22);0.13636364042758942;0.2406672239303589;0.48135751485824585;0.0
38;Data(x=[14, 1], edge_index=[2, 22], edge_attr=[22, 2], y=3.0, custom_label=0.3, min_label=0, max_label=10);0.30000001192092896;0.1932513266801834;0.2892804443836212;0.0
39;Data(x=[36, 1], edge_index=[2, 68], edge_attr=[68, 2], y=25.0, custom_label=1.0, min_label=0, max_label=25);1.0;0.8756154775619507;0.8456034064292908;0.0
40;Data(x=[49, 1], edge_index=[2, 94], edge_attr=[94, 2], y=15.0, custom_label=0.48387095, min_label=0, max_label=31);0.4838709533214569;0.24052856862545013;0.5645915865898132;0.0
41;Data(x=[56, 1], edge_index=[2, 110], edge_attr=[110, 2], y=12.0, custom_label=0.3, min_label=0, max_label=40);0.30000001192092896;0.36069855093955994;0.41456106305122375;0.0
42;Data(x=[22, 1], edge_index=[2, 36], edge_attr=[36, 2], y=4.0, custom_label=0.13333334, min_label=0, max_label=30);0.13333334028720856;0.4074852168560028;0.2085748165845871;0.0
43;Data(x=[10, 1], edge_index=[2, 14], edge_attr=[14, 2], y=2.0, custom_label=0.2, min_label=0, max_label=10);0.20000000298023224;0.3589096665382385;0.37685322761535645;0.0
44;Data(x=[23, 1], edge_index=[2, 42], edge_attr=[42, 2], y=6.0, custom_label=0.23076923, min_label=0, max_label=26);0.23076923191547394;0.35144272446632385;0.3930385410785675;0.0
45;Data(x=[16, 1], edge_index=[2, 30], edge_attr=[30, 2], y=10.0, custom_label=0.7692308, min_label=0, max_label=13);0.7692307829856873;0.4489351212978363;0.29930630326271057;0.0
46;Data(x=[16, 1], edge_index=[2, 28], edge_attr=[28, 2], y=0.0, custom_label=0.0, min_label=0, max_label=13);0.0;0.1709282398223877;0.01562575064599514;0.0
47;Data(x=[21, 1], edge_index=[2, 34], edge_attr=[34, 2], y=6.0, custom_label=0.375, min_label=0, max_label=16);0.375;0.4451932907104492;0.42530420422554016;0.0
48;Data(x=[10, 1], edge_index=[2, 16], edge_attr=[16, 2], y=7.0, custom_label=0.6363636, min_label=0, max_label=11);0.6363636255264282;0.5730522274971008;0.28999122977256775;0.0
49;Data(x=[28, 1], edge_index=[2, 44], edge_attr=[44, 2], y=16.0, custom_label=0.5, min_label=0, max_label=32);0.5;0.5361981391906738;0.36095407605171204;0.0
50;Data(x=[26, 1], edge_index=[2, 42], edge_attr=[42, 2], y=15.0, custom_label=0.46875, min_label=0, max_label=32);0.46875;0.6152785420417786;0.30913209915161133;0.0
51;Data(x=[28, 1], edge_index=[2, 54], edge_attr=[54, 2], y=14.0, custom_label=0.7, min_label=0, max_label=20);0.699999988079071;0.6561073064804077;0.686449408531189;0.0
52;Data(x=[50, 1], edge_index=[2, 96], edge_attr=[96, 2], y=5.0, custom_label=0.125, min_label=0, max_label=40);0.125;0.08414116501808167;0.03315519914031029;0.0
53;Data(x=[20, 1], edge_index=[2, 34], edge_attr=[34, 2], y=7.0, custom_label=0.3888889, min_label=0, max_label=18);0.3888888955116272;0.22850388288497925;0.2520272731781006;0.0
54;Data(x=[19, 1], edge_index=[2, 36], edge_attr=[36, 2], y=5.0, custom_label=0.23809524, min_label=0, max_label=21);0.2380952388048172;0.4311499297618866;0.2775146961212158;0.0
55;Data(x=[21, 1], edge_index=[2, 34], edge_attr=[34, 2], y=12.0, custom_label=0.6666667, min_label=0, max_label=18);0.6666666865348816;0.3561803996562958;0.4004267156124115;0.0
56;Data(x=[10, 1], edge_index=[2, 14], edge_attr=[14, 2], y=3.0, custom_label=0.27272728, min_label=0, max_label=11);0.27272728085517883;0.3143731653690338;0.37685322761535645;0.0
57;Data(x=[40, 1], edge_index=[2, 76], edge_attr=[76, 2], y=2.0, custom_label=0.06896552, min_label=0, max_label=29);0.06896551698446274;0.06789906322956085;0.016564086079597473;0.0
58;Data(x=[28, 1], edge_index=[2, 46], edge_attr=[46, 2], y=10.0, custom_label=0.33333334, min_label=0, max_label=30);0.3333333432674408;0.4439149796962738;0.39340445399284363;0.0
59;Data(x=[29, 1], edge_index=[2, 52], edge_attr=[52, 2], y=15.0, custom_label=0.44117647, min_label=0, max_label=34);0.44117647409439087;0.5971426963806152;0.3807447552680969;0.0
60;Data(x=[16, 1], edge_index=[2, 24], edge_attr=[24, 2], y=16.0, custom_label=0.8, min_label=0, max_label=20);0.800000011920929;0.8104396462440491;0.32109564542770386;0.0
61;Data(x=[26, 1], edge_index=[2, 48], edge_attr=[48, 2], y=9.0, custom_label=0.45, min_label=0, max_label=20);0.44999998807907104;0.5508558750152588;0.7432460188865662;0.0
62;Data(x=[14, 1], edge_index=[2, 24], edge_attr=[24, 2], y=4.0, custom_label=0.25, min_label=0, max_label=16);0.25;0.3623184263706207;0.5581654906272888;0.0
63;Data(x=[29, 1], edge_index=[2, 50], edge_attr=[50, 2], y=17.0, custom_label=0.56666666, min_label=0, max_label=30);0.5666666626930237;0.3211963474750519;0.45829910039901733;0.0
64;Data(x=[28, 1], edge_index=[2, 48], edge_attr=[48, 2], y=30.0, custom_label=0.88235295, min_label=0, max_label=34);0.8823529481887817;0.85637366771698;0.760114312171936;0.0
65;Data(x=[16, 1], edge_index=[2, 28], edge_attr=[28, 2], y=5.0, custom_label=0.3846154, min_label=0, max_label=13);0.38461539149284363;0.4115349054336548;0.3827888071537018;0.0
66;Data(x=[10, 1], edge_index=[2, 16], edge_attr=[16, 2], y=5.0, custom_label=0.5, min_label=0, max_label=10);0.5;0.2719593644142151;0.31134432554244995;0.0
67;Data(x=[41, 1], edge_index=[2, 76], edge_attr=[76, 2], y=29.0, custom_label=0.9354839, min_label=0, max_label=31);0.9354838728904724;0.565060555934906;0.5493462085723877;0.0
68;Data(x=[10, 1], edge_index=[2, 18], edge_attr=[18, 2], y=11.0, custom_label=1.0, min_label=0, max_label=11);1.0;0.6927633881568909;0.8136860132217407;0.0
69;Data(x=[23, 1], edge_index=[2, 42], edge_attr=[42, 2], y=1.0, custom_label=0.033333335, min_label=0, max_label=30);0.03333333507180214;0.20283596217632294;0.012063124217092991;0.0
70;Data(x=[26, 1], edge_index=[2, 48], edge_attr=[48, 2], y=4.0, custom_label=0.11764706, min_label=0, max_label=34);0.11764705926179886;0.24056796729564667;0.21550320088863373;0.0
71;Data(x=[20, 1], edge_index=[2, 38], edge_attr=[38, 2], y=6.0, custom_label=0.3, min_label=0, max_label=20);0.30000001192092896;0.4000251293182373;0.27323269844055176;0.0
72;Data(x=[17, 1], edge_index=[2, 26], edge_attr=[26, 2], y=5.0, custom_label=0.25, min_label=0, max_label=20);0.25;0.44557684659957886;0.45288848876953125;0.0
73;Data(x=[23, 1], edge_index=[2, 44], edge_attr=[44, 2], y=8.0, custom_label=0.5, min_label=0, max_label=16);0.5;0.42967087030410767;0.5966706275939941;0.0
74;Data(x=[42, 1], edge_index=[2, 78], edge_attr=[78, 2], y=30.0, custom_label=0.9677419, min_label=0, max_label=31);0.9677419066429138;0.6235727071762085;0.6068231463432312;0.0
75;Data(x=[34, 1], edge_index=[2, 64], edge_attr=[64, 2], y=19.0, custom_label=0.6333333, min_label=0, max_label=30);0.6333333253860474;0.6601191163063049;0.7682389616966248;0.0
76;Data(x=[26, 1], edge_index=[2, 42], edge_attr=[42, 2], y=7.0, custom_label=0.20588236, min_label=0, max_label=34);0.20588235557079315;0.4115053117275238;0.3861933648586273;0.0
77;Data(x=[25, 1], edge_index=[2, 48], edge_attr=[48, 2], y=3.0, custom_label=0.09375, min_label=0, max_label=32);0.09375;0.11725375801324844;0.21418406069278717;0.0
78;Data(x=[25, 1], edge_index=[2, 46], edge_attr=[46, 2], y=14.0, custom_label=0.46666667, min_label=0, max_label=30);0.46666666865348816;0.3496917188167572;0.16252323985099792;0.0
79;Data(x=[27, 1], edge_index=[2, 50], edge_attr=[50, 2], y=14.0, custom_label=0.4117647, min_label=0, max_label=34);0.4117647111415863;0.4802480638027191;0.4371602535247803;0.0
80;Data(x=[24, 1], edge_index=[2, 46], edge_attr=[46, 2], y=12.0, custom_label=0.42857143, min_label=0, max_label=28);0.4285714328289032;0.4403054714202881;0.6259438991546631;0.0
81;Data(x=[35, 1], edge_index=[2, 64], edge_attr=[64, 2], y=19.0, custom_label=0.76, min_label=0, max_label=25);0.7599999904632568;0.3585418164730072;0.48236083984375;0.0
82;Data(x=[19, 1], edge_index=[2, 34], edge_attr=[34, 2], y=1.0, custom_label=0.04761905, min_label=0, max_label=21);0.0476190485060215;0.14881230890750885;0.12204679101705551;0.0
83;Data(x=[34, 1], edge_index=[2, 66], edge_attr=[66, 2], y=13.0, custom_label=0.43333334, min_label=0, max_label=30);0.4333333373069763;0.7949349880218506;0.4392136335372925;0.0
84;Data(x=[45, 1], edge_index=[2, 86], edge_attr=[86, 2], y=25.0, custom_label=0.8333333, min_label=0, max_label=30);0.8333333134651184;0.47522515058517456;0.4645962119102478;0.0
85;Data(x=[12, 1], edge_index=[2, 20], edge_attr=[20, 2], y=6.0, custom_label=0.54545456, min_label=0, max_label=11);0.5454545617103577;0.4094964563846588;0.4997444748878479;0.0
86;Data(x=[45, 1], edge_index=[2, 84], edge_attr=[84, 2], y=26.0, custom_label=0.83870965, min_label=0, max_label=31);0.8387096524238586;0.8232185244560242;0.690888524055481;0.0
87;Data(x=[11, 1], edge_index=[2, 16], edge_attr=[16, 2], y=6.0, custom_label=0.54545456, min_label=0, max_label=11);0.5454545617103577;0.41609159111976624;0.4415616989135742;0.0
88;Data(x=[28, 1], edge_index=[2, 42], edge_attr=[42, 2], y=21.0, custom_label=0.7, min_label=0, max_label=30);0.699999988079071;0.7632434964179993;0.6325454711914062;0.0
89;Data(x=[13, 1], edge_index=[2, 22], edge_attr=[22, 2], y=7.0, custom_label=0.4375, min_label=0, max_label=16);0.4375;0.2838439643383026;0.2940705418586731;0.0
90;Data(x=[39, 1], edge_index=[2, 74], edge_attr=[74, 2], y=6.0, custom_label=0.19354838, min_label=0, max_label=31);0.19354838132858276;0.4274827539920807;0.27601882815361023;0.0
91;Data(x=[23, 1], edge_index=[2, 40], edge_attr=[40, 2], y=8.0, custom_label=0.30769232, min_label=0, max_label=26);0.3076923191547394;0.45763716101646423;0.3407190442085266;0.0
92;Data(x=[34, 1], edge_index=[2, 62], edge_attr=[62, 2], y=7.0, custom_label=0.23333333, min_label=0, max_label=30);0.23333333432674408;0.3368881940841675;0.26379525661468506;0.0
93;Data(x=[14, 1], edge_index=[2, 20], edge_attr=[20, 2], y=7.0, custom_label=0.7, min_label=0, max_label=10);0.699999988079071;0.46615415811538696;0.3194497525691986;0.0
94;Data(x=[14, 1], edge_index=[2, 24], edge_attr=[24, 2], y=8.0, custom_label=0.5, min_label=0, max_label=16);0.5;0.3435651361942291;0.2462121993303299;0.0
95;Data(x=[60, 1], edge_index=[2, 116], edge_attr=[116, 2], y=33.0, custom_label=0.825, min_label=0, max_label=40);0.824999988079071;0.5995681285858154;0.8037760257720947;0.0
96;Data(x=[18, 1], edge_index=[2, 28], edge_attr=[28, 2], y=18.0, custom_label=0.9, min_label=0, max_label=20);0.8999999761581421;0.9101830124855042;0.8179287910461426;0.0
97;Data(x=[20, 1], edge_index=[2, 32], edge_attr=[32, 2], y=11.0, custom_label=0.55, min_label=0, max_label=20);0.550000011920929;0.45552876591682434;0.5484647154808044;0.0
98;Data(x=[27, 1], edge_index=[2, 52], edge_attr=[52, 2], y=8.0, custom_label=0.23529412, min_label=0, max_label=34);0.23529411852359772;0.3219633996486664;0.3781449496746063;0.0
99;Data(x=[15, 1], edge_index=[2, 22], edge_attr=[22, 2], y=7.0, custom_label=0.53846157, min_label=0, max_label=13);0.5384615659713745;0.5925201177597046;0.4720674157142639;0.0
100;Data(x=[53, 1], edge_index=[2, 102], edge_attr=[102, 2], y=33.0, custom_label=0.8918919, min_label=0, max_label=37);0.8918918967247009;0.7371125221252441;0.4968568980693817;0.0
101;Data(x=[23, 1], edge_index=[2, 42], edge_attr=[42, 2], y=1.0, custom_label=0.035714287, min_label=0, max_label=28);0.0357142873108387;0.22996832430362701;0.37120291590690613;0.0
102;Data(x=[28, 1], edge_index=[2, 52], edge_attr=[52, 2], y=0.0, custom_label=0.0, min_label=0, max_label=30);0.0;0.032439108937978745;0.011447230353951454;0.0
103;Data(x=[27, 1], edge_index=[2, 42], edge_attr=[42, 2], y=6.0, custom_label=0.1764706, min_label=0, max_label=34);0.1764705926179886;0.3856157660484314;0.4007968008518219;0.0
104;Data(x=[36, 1], edge_index=[2, 70], edge_attr=[70, 2], y=2.0, custom_label=0.06896552, min_label=0, max_label=29);0.06896551698446274;0.030603190883994102;0.12291202694177628;0.0
105;Data(x=[25, 1], edge_index=[2, 48], edge_attr=[48, 2], y=13.0, custom_label=0.38235295, min_label=0, max_label=34);0.38235294818878174;0.49576061964035034;0.3824423849582672;0.0
106;Data(x=[36, 1], edge_index=[2, 68], edge_attr=[68, 2], y=5.0, custom_label=0.20833333, min_label=0, max_label=24);0.2083333283662796;0.3631153404712677;0.5769989490509033;0.0
107;Data(x=[50, 1], edge_index=[2, 98], edge_attr=[98, 2], y=8.0, custom_label=0.21621622, min_label=0, max_label=37);0.21621622145175934;0.36345374584198;0.27854108810424805;0.0
108;Data(x=[21, 1], edge_index=[2, 36], edge_attr=[36, 2], y=14.0, custom_label=0.7777778, min_label=0, max_label=18);0.7777777910232544;0.42900317907333374;0.46167007088661194;0.0
109;Data(x=[19, 1], edge_index=[2, 34], edge_attr=[34, 2], y=9.0, custom_label=0.6923077, min_label=0, max_label=13);0.692307710647583;0.5528237819671631;0.46167755126953125;0.0
110;Data(x=[18, 1], edge_index=[2, 32], edge_attr=[32, 2], y=1.0, custom_label=0.05, min_label=0, max_label=20);0.05000000074505806;0.14179185032844543;0.10618893057107925;0.0
111;Data(x=[46, 1], edge_index=[2, 90], edge_attr=[90, 2], y=31.0, custom_label=0.96875, min_label=0, max_label=32);0.96875;0.4619688093662262;0.7976409196853638;0.0
112;Data(x=[52, 1], edge_index=[2, 98], edge_attr=[98, 2], y=35.0, custom_label=0.92105263, min_label=0, max_label=38);0.9210526347160339;0.5899365544319153;0.7910965085029602;0.0
113;Data(x=[22, 1], edge_index=[2, 40], edge_attr=[40, 2], y=5.0, custom_label=0.25, min_label=0, max_label=20);0.25;0.1377834677696228;0.3429141342639923;0.0
114;Data(x=[23, 1], edge_index=[2, 44], edge_attr=[44, 2], y=6.0, custom_label=0.375, min_label=0, max_label=16);0.375;0.4677973687648773;0.44893878698349;0.0
115;Data(x=[35, 1], edge_index=[2, 66], edge_attr=[66, 2], y=21.0, custom_label=0.84, min_label=0, max_label=25);0.8399999737739563;0.6777214407920837;0.7714142203330994;0.0
116;Data(x=[19, 1], edge_index=[2, 34], edge_attr=[34, 2], y=9.0, custom_label=0.4090909, min_label=0, max_label=22);0.40909090638160706;0.5957779288291931;0.4251621961593628;0.0
117;Data(x=[26, 1], edge_index=[2, 40], edge_attr=[40, 2], y=24.0, custom_label=0.75, min_label=0, max_label=32);0.75;0.771232008934021;0.7857476472854614;0.0
118;Data(x=[15, 1], edge_index=[2, 26], edge_attr=[26, 2], y=0.0, custom_label=0.0, min_label=0, max_label=10);0.0;0.18419970571994781;0.03978584334254265;0.0
119;Data(x=[25, 1], edge_index=[2, 48], edge_attr=[48, 2], y=3.0, custom_label=0.09375, min_label=0, max_label=32);0.09375;0.25492966175079346;0.3737780451774597;0.0
120;Data(x=[25, 1], edge_index=[2, 44], edge_attr=[44, 2], y=2.0, custom_label=0.0625, min_label=0, max_label=32);0.0625;0.3538663387298584;0.052618421614170074;0.0
121;Data(x=[26, 1], edge_index=[2, 44], edge_attr=[44, 2], y=30.0, custom_label=0.88235295, min_label=0, max_label=34);0.8823529481887817;0.8534281253814697;0.8792957663536072;0.0
122;Data(x=[17, 1], edge_index=[2, 30], edge_attr=[30, 2], y=4.0, custom_label=0.2, min_label=0, max_label=20);0.20000000298023224;0.2799396812915802;0.27744197845458984;0.0
123;Data(x=[42, 1], edge_index=[2, 78], edge_attr=[78, 2], y=9.0, custom_label=0.3, min_label=0, max_label=30);0.30000001192092896;0.34346887469291687;0.46640264987945557;0.0
124;Data(x=[11, 1], edge_index=[2, 18], edge_attr=[18, 2], y=6.0, custom_label=0.6, min_label=0, max_label=10);0.6000000238418579;0.40922433137893677;0.2585962116718292;0.0
125;Data(x=[19, 1], edge_index=[2, 32], edge_attr=[32, 2], y=6.0, custom_label=0.33333334, min_label=0, max_label=18);0.3333333432674408;0.2799396812915802;0.3641805648803711;0.0
126;Data(x=[18, 1], edge_index=[2, 32], edge_attr=[32, 2], y=4.0, custom_label=0.18181819, min_label=0, max_label=22);0.1818181872367859;0.5530778765678406;0.31018513441085815;0.0
127;Data(x=[26, 1], edge_index=[2, 46], edge_attr=[46, 2], y=13.0, custom_label=0.43333334, min_label=0, max_label=30);0.4333333373069763;0.4999483823776245;0.4198729395866394;0.0
128;Data(x=[16, 1], edge_index=[2, 28], edge_attr=[28, 2], y=6.0, custom_label=0.46153846, min_label=0, max_label=13);0.4615384638309479;0.30015817284584045;0.3374425172805786;0.0
129;Data(x=[29, 1], edge_index=[2, 52], edge_attr=[52, 2], y=6.0, custom_label=0.1875, min_label=0, max_label=32);0.1875;0.4289708435535431;0.4054482877254486;0.0
130;Data(x=[25, 1], edge_index=[2, 46], edge_attr=[46, 2], y=12.0, custom_label=0.4, min_label=0, max_label=30);0.4000000059604645;0.6257377862930298;0.3952259421348572;0.0
131;Data(x=[34, 1], edge_index=[2, 64], edge_attr=[64, 2], y=11.0, custom_label=0.44, min_label=0, max_label=25);0.4399999976158142;0.8565843105316162;0.680060625076294;0.0
132;Data(x=[36, 1], edge_index=[2, 68], edge_attr=[68, 2], y=0.0, custom_label=0.0, min_label=0, max_label=28);0.0;0.033646900206804276;0.01011904701590538;0.0
133;Data(x=[23, 1], edge_index=[2, 44], edge_attr=[44, 2], y=13.0, custom_label=0.8125, min_label=0, max_label=16);0.8125;0.5951822400093079;0.6690905690193176;0.0
134;Data(x=[52, 1], edge_index=[2, 102], edge_attr=[102, 2], y=0.0, custom_label=0.0, min_label=0, max_label=40);0.0;0.030326861888170242;0.005850162822753191;0.0
135;Data(x=[19, 1], edge_index=[2, 30], edge_attr=[30, 2], y=3.0, custom_label=0.16666667, min_label=0, max_label=18);0.1666666716337204;0.30865445733070374;0.26606062054634094;0.0
136;Data(x=[22, 1], edge_index=[2, 40], edge_attr=[40, 2], y=0.0, custom_label=0.0, min_label=0, max_label=34);0.0;0.128941148519516;0.00824765395373106;0.0
137;Data(x=[20, 1], edge_index=[2, 34], edge_attr=[34, 2], y=10.0, custom_label=0.5555556, min_label=0, max_label=18);0.5555555820465088;0.4754301905632019;0.4177497923374176;0.0
138;Data(x=[59, 1], edge_index=[2, 114], edge_attr=[114, 2], y=25.0, custom_label=0.625, min_label=0, max_label=40);0.625;0.41237321496009827;0.7847284078598022;0.0
139;Data(x=[34, 1], edge_index=[2, 62], edge_attr=[62, 2], y=14.0, custom_label=0.56, min_label=0, max_label=25);0.5600000023841858;0.4555913209915161;0.597579836845398;0.0
140;Data(x=[10, 1], edge_index=[2, 16], edge_attr=[16, 2], y=0.0, custom_label=0.0, min_label=0, max_label=11);0.0;0.06245392933487892;0.026900412514805794;0.0
141;Data(x=[29, 1], edge_index=[2, 46], edge_attr=[46, 2], y=17.0, custom_label=0.5, min_label=0, max_label=34);0.5;0.48463335633277893;0.7271144390106201;0.0
142;Data(x=[39, 1], edge_index=[2, 72], edge_attr=[72, 2], y=24.0, custom_label=0.85714287, min_label=0, max_label=28);0.8571428656578064;0.24700197577476501;0.3521447479724884;0.0
143;Data(x=[13, 1], edge_index=[2, 22], edge_attr=[22, 2], y=2.0, custom_label=0.125, min_label=0, max_label=16);0.125;0.23622694611549377;0.4222087860107422;0.0
144;Data(x=[28, 1], edge_index=[2, 50], edge_attr=[50, 2], y=18.0, custom_label=0.5294118, min_label=0, max_label=34);0.529411792755127;0.34797683358192444;0.23652711510658264;0.0
145;Data(x=[16, 1], edge_index=[2, 30], edge_attr=[30, 2], y=2.0, custom_label=0.15384616, min_label=0, max_label=13);0.1538461595773697;0.5495380163192749;0.0881412997841835;0.0
146;Data(x=[25, 1], edge_index=[2, 42], edge_attr=[42, 2], y=11.0, custom_label=0.32352942, min_label=0, max_label=34);0.3235294222831726;0.7061530351638794;0.31903961300849915;0.0
147;Data(x=[56, 1], edge_index=[2, 108], edge_attr=[108, 2], y=17.0, custom_label=0.425, min_label=0, max_label=40);0.42500001192092896;0.45124661922454834;0.5345622301101685;0.0
148;Data(x=[10, 1], edge_index=[2, 16], edge_attr=[16, 2], y=3.0, custom_label=0.27272728, min_label=0, max_label=11);0.27272728085517883;0.2719593644142151;0.31134432554244995;0.0
149;Data(x=[13, 1], edge_index=[2, 20], edge_attr=[20, 2], y=2.0, custom_label=0.16666667, min_label=0, max_label=12);0.1666666716337204;0.46615415811538696;0.3969281017780304;0.0
150;Data(x=[11, 1], edge_index=[2, 18], edge_attr=[18, 2], y=1.0, custom_label=0.1, min_label=0, max_label=10);0.10000000149011612;0.12953877449035645;0.2492966502904892;0.0
151;Data(x=[54, 1], edge_index=[2, 106], edge_attr=[106, 2], y=5.0, custom_label=0.125, min_label=0, max_label=40);0.125;0.2783525288105011;0.20845670998096466;0.0
152;Data(x=[23, 1], edge_index=[2, 42], edge_attr=[42, 2], y=0.0, custom_label=0.0, min_label=0, max_label=28);0.0;0.04179176688194275;0.009761831723153591;0.0
153;Data(x=[35, 1], edge_index=[2, 66], edge_attr=[66, 2], y=7.0, custom_label=0.23333333, min_label=0, max_label=30);0.23333333432674408;0.4935529828071594;0.4262465536594391;0.0
154;Data(x=[20, 1], edge_index=[2, 34], edge_attr=[34, 2], y=10.0, custom_label=0.5, min_label=0, max_label=20);0.5;0.523261547088623;0.7684094905853271;0.0
155;Data(x=[26, 1], edge_index=[2, 42], edge_attr=[42, 2], y=19.0, custom_label=0.59375, min_label=0, max_label=32);0.59375;0.7257826924324036;0.35927626490592957;0.0
156;Data(x=[47, 1], edge_index=[2, 92], edge_attr=[92, 2], y=6.0, custom_label=0.16666667, min_label=0, max_label=36);0.1666666716337204;0.29431474208831787;0.19936281442642212;0.0
157;Data(x=[31, 1], edge_index=[2, 52], edge_attr=[52, 2], y=6.0, custom_label=0.1764706, min_label=0, max_label=34);0.1764705926179886;0.3982410728931427;0.38885560631752014;0.0
158;Data(x=[31, 1], edge_index=[2, 58], edge_attr=[58, 2], y=6.0, custom_label=0.1764706, min_label=0, max_label=34);0.1764705926179886;0.23356321454048157;0.31756922602653503;0.0
159;Data(x=[27, 1], edge_index=[2, 52], edge_attr=[52, 2], y=10.0, custom_label=0.5, min_label=0, max_label=20);0.5;0.5744320154190063;0.7628154158592224;0.0
160;Data(x=[42, 1], edge_index=[2, 80], edge_attr=[80, 2], y=24.0, custom_label=0.85714287, min_label=0, max_label=28);0.8571428656578064;0.39918631315231323;0.8364351987838745;0.0
161;Data(x=[33, 1], edge_index=[2, 62], edge_attr=[62, 2], y=5.0, custom_label=0.2, min_label=0, max_label=25);0.20000000298023224;0.2931024432182312;0.3042992651462555;0.0
162;Data(x=[41, 1], edge_index=[2, 76], edge_attr=[76, 2], y=27.0, custom_label=0.84375, min_label=0, max_label=32);0.84375;0.5717856884002686;0.6181440949440002;0.0
163;Data(x=[45, 1], edge_index=[2, 88], edge_attr=[88, 2], y=11.0, custom_label=0.34375, min_label=0, max_label=32);0.34375;0.2853074371814728;0.2966960072517395;0.0
164;Data(x=[12, 1], edge_index=[2, 18], edge_attr=[18, 2], y=3.0, custom_label=0.3, min_label=0, max_label=10);0.30000001192092896;0.4894503951072693;0.3364652097225189;0.0
165;Data(x=[18, 1], edge_index=[2, 32], edge_attr=[32, 2], y=4.0, custom_label=0.18181819, min_label=0, max_label=22);0.1818181872367859;0.32492077350616455;0.5730994343757629;0.0
166;Data(x=[27, 1], edge_index=[2, 48], edge_attr=[48, 2], y=1.0, custom_label=0.03125, min_label=0, max_label=32);0.03125;0.17525427043437958;0.05866328626871109;0.0
167;Data(x=[13, 1], edge_index=[2, 22], edge_attr=[22, 2], y=0.0, custom_label=0.0, min_label=0, max_label=10);0.0;0.31933000683784485;0.011125857941806316;0.0
168;Data(x=[34, 1], edge_index=[2, 64], edge_attr=[64, 2], y=23.0, custom_label=0.76666665, min_label=0, max_label=30);0.7666666507720947;0.6601191759109497;0.7627667188644409;0.0
169;Data(x=[26, 1], edge_index=[2, 48], edge_attr=[48, 2], y=2.0, custom_label=0.1, min_label=0, max_label=20);0.10000000149011612;0.16940540075302124;0.13564756512641907;0.0
170;Data(x=[19, 1], edge_index=[2, 32], edge_attr=[32, 2], y=2.0, custom_label=0.11111111, min_label=0, max_label=18);0.1111111119389534;0.3538663387298584;0.11548182368278503;0.0
171;Data(x=[22, 1], edge_index=[2, 32], edge_attr=[32, 2], y=14.0, custom_label=0.875, min_label=0, max_label=16);0.875;0.6808733940124512;0.6908038258552551;0.0
172;Data(x=[37, 1], edge_index=[2, 72], edge_attr=[72, 2], y=12.0, custom_label=0.4, min_label=0, max_label=30);0.4000000059604645;0.5228573083877563;0.4842274487018585;0.0
173;Data(x=[12, 1], edge_index=[2, 16], edge_attr=[16, 2], y=4.0, custom_label=0.36363637, min_label=0, max_label=11);0.3636363744735718;0.49406352639198303;0.5326153039932251;0.0
174;Data(x=[19, 1], edge_index=[2, 34], edge_attr=[34, 2], y=3.0, custom_label=0.14285715, min_label=0, max_label=21);0.1428571492433548;0.4935061037540436;0.3106520473957062;0.0
175;Data(x=[16, 1], edge_index=[2, 28], edge_attr=[28, 2], y=7.0, custom_label=0.35, min_label=0, max_label=20);0.3499999940395355;0.3272509276866913;0.348504900932312;0.0
176;Data(x=[26, 1], edge_index=[2, 48], edge_attr=[48, 2], y=11.0, custom_label=0.55, min_label=0, max_label=20);0.550000011920929;0.3285510838031769;0.36759352684020996;0.0
177;Data(x=[30, 1], edge_index=[2, 56], edge_attr=[56, 2], y=0.0, custom_label=0.0, min_label=0, max_label=34);0.0;0.22458232939243317;0.022512642666697502;0.0
178;Data(x=[21, 1], edge_index=[2, 38], edge_attr=[38, 2], y=8.0, custom_label=0.4, min_label=0, max_label=20);0.4000000059604645;0.29513561725616455;0.39438244700431824;0.0
179;Data(x=[13, 1], edge_index=[2, 22], edge_attr=[22, 2], y=2.0, custom_label=0.125, min_label=0, max_label=16);0.125;0.27350977063179016;0.23557201027870178;0.0
180;Data(x=[27, 1], edge_index=[2, 44], edge_attr=[44, 2], y=30.0, custom_label=0.9375, min_label=0, max_label=32);0.9375;0.8561335802078247;0.779498815536499;0.0
181;Data(x=[24, 1], edge_index=[2, 44], edge_attr=[44, 2], y=0.0, custom_label=0.0, min_label=0, max_label=32);0.0;0.1838531643152237;0.006130501627922058;0.0
182;Data(x=[54, 1], edge_index=[2, 104], edge_attr=[104, 2], y=32.0, custom_label=0.8648649, min_label=0, max_label=37);0.8648648858070374;0.7371125221252441;0.6678957939147949;0.0
183;Data(x=[38, 1], edge_index=[2, 70], edge_attr=[70, 2], y=23.0, custom_label=0.8214286, min_label=0, max_label=28);0.8214285969734192;0.4995979964733124;0.41861361265182495;0.0
184;Data(x=[28, 1], edge_index=[2, 40], edge_attr=[40, 2], y=14.0, custom_label=0.4117647, min_label=0, max_label=34);0.4117647111415863;0.36698290705680847;0.5482029914855957;0.0
185;Data(x=[13, 1], edge_index=[2, 22], edge_attr=[22, 2], y=5.0, custom_label=0.3125, min_label=0, max_label=16);0.3125;0.32706451416015625;0.32933294773101807;0.0
186;Data(x=[44, 1], edge_index=[2, 82], edge_attr=[82, 2], y=21.0, custom_label=0.7241379, min_label=0, max_label=29);0.7241379022598267;0.8100948333740234;0.7770728468894958;0.0
187;Data(x=[25, 1], edge_index=[2, 48], edge_attr=[48, 2], y=6.0, custom_label=0.3, min_label=0, max_label=20);0.30000001192092896;0.6617209315299988;0.22245612740516663;0.0
188;Data(x=[23, 1], edge_index=[2, 42], edge_attr=[42, 2], y=9.0, custom_label=0.45, min_label=0, max_label=20);0.44999998807907104;0.3297366499900818;0.41151055693626404;0.0
189;Data(x=[12, 1], edge_index=[2, 18], edge_attr=[18, 2], y=4.0, custom_label=0.36363637, min_label=0, max_label=11);0.3636363744735718;0.3526657521724701;0.36535680294036865;0.0
190;Data(x=[41, 1], edge_index=[2, 78], edge_attr=[78, 2], y=5.0, custom_label=0.1724138, min_label=0, max_label=29);0.17241379618644714;0.12978386878967285;0.3642476201057434;0.0
191;Data(x=[36, 1], edge_index=[2, 68], edge_attr=[68, 2], y=7.0, custom_label=0.29166666, min_label=0, max_label=24);0.2916666567325592;0.3694764971733093;0.3972322940826416;0.0
192;Data(x=[15, 1], edge_index=[2, 26], edge_attr=[26, 2], y=1.0, custom_label=0.05, min_label=0, max_label=20);0.05000000074505806;0.1960500180721283;0.36113056540489197;0.0
193;Data(x=[31, 1], edge_index=[2, 58], edge_attr=[58, 2], y=8.0, custom_label=0.23529412, min_label=0, max_label=34);0.23529411852359772;0.1635265350341797;0.3724992275238037;0.0
194;Data(x=[20, 1], edge_index=[2, 32], edge_attr=[32, 2], y=9.0, custom_label=0.45, min_label=0, max_label=20);0.44999998807907104;0.40144431591033936;0.5155493021011353;0.0
195;Data(x=[32, 1], edge_index=[2, 60], edge_attr=[60, 2], y=6.0, custom_label=0.21428572, min_label=0, max_label=28);0.2142857164144516;0.3080359399318695;0.4149188697338104;0.0
196;Data(x=[14, 1], edge_index=[2, 24], edge_attr=[24, 2], y=4.0, custom_label=0.25, min_label=0, max_label=16);0.25;0.2187831997871399;0.365619033575058;0.0
197;Data(x=[33, 1], edge_index=[2, 60], edge_attr=[60, 2], y=15.0, custom_label=0.6, min_label=0, max_label=25);0.6000000238418579;0.4720906913280487;0.5969179272651672;0.0
198;Data(x=[20, 1], edge_index=[2, 34], edge_attr=[34, 2], y=8.0, custom_label=0.44444445, min_label=0, max_label=18);0.4444444477558136;0.5551891326904297;0.40205439925193787;0.0
199;Data(x=[38, 1], edge_index=[2, 72], edge_attr=[72, 2], y=11.0, custom_label=0.45833334, min_label=0, max_label=24);0.4583333432674408;0.5490968227386475;0.3646579086780548;0.0
200;Data(x=[17, 1], edge_index=[2, 28], edge_attr=[28, 2], y=20.0, custom_label=0.95238096, min_label=0, max_label=21);0.9523809552192688;0.8823856115341187;0.786790668964386;0.0
201;Data(x=[12, 1], edge_index=[2, 18], edge_attr=[18, 2], y=2.0, custom_label=0.2, min_label=0, max_label=10);0.20000000298023224;0.29013097286224365;0.29890912771224976;0.0
202;Data(x=[37, 1], edge_index=[2, 70], edge_attr=[70, 2], y=5.0, custom_label=0.1724138, min_label=0, max_label=29);0.17241379618644714;0.36839041113853455;0.1394629329442978;0.0
203;Data(x=[47, 1], edge_index=[2, 90], edge_attr=[90, 2], y=4.0, custom_label=0.12903225, min_label=0, max_label=31);0.12903225421905518;0.3044496476650238;0.1998940259218216;0.0
204;Data(x=[11, 1], edge_index=[2, 18], edge_attr=[18, 2], y=4.0, custom_label=0.4, min_label=0, max_label=10);0.4000000059604645;0.46470996737480164;0.4462348222732544;0.0
205;Data(x=[17, 1], edge_index=[2, 30], edge_attr=[30, 2], y=4.0, custom_label=0.30769232, min_label=0, max_label=13);0.3076923191547394;0.3217402994632721;0.31808364391326904;0.0
206;Data(x=[24, 1], edge_index=[2, 44], edge_attr=[44, 2], y=5.0, custom_label=0.17857143, min_label=0, max_label=28);0.1785714328289032;0.4513058066368103;0.3565470576286316;0.0
207;Data(x=[38, 1], edge_index=[2, 74], edge_attr=[74, 2], y=7.0, custom_label=0.22580644, min_label=0, max_label=31);0.22580644488334656;0.1980660855770111;0.164315328001976;0.0
208;Data(x=[23, 1], edge_index=[2, 44], edge_attr=[44, 2], y=0.0, custom_label=0.0, min_label=0, max_label=28);0.0;0.05836321413516998;0.01805548369884491;0.0
209;Data(x=[12, 1], edge_index=[2, 18], edge_attr=[18, 2], y=3.0, custom_label=0.27272728, min_label=0, max_label=11);0.27272728085517883;0.3771161437034607;0.3441063463687897;0.0
210;Data(x=[37, 1], edge_index=[2, 72], edge_attr=[72, 2], y=1.0, custom_label=0.035714287, min_label=0, max_label=28);0.0357142873108387;0.05444277450442314;0.040535591542720795;0.0
211;Data(x=[24, 1], edge_index=[2, 44], edge_attr=[44, 2], y=2.0, custom_label=0.0625, min_label=0, max_label=32);0.0625;0.10417095571756363;0.10434692353010178;0.0
212;Data(x=[26, 1], edge_index=[2, 50], edge_attr=[50, 2], y=17.0, custom_label=0.85, min_label=0, max_label=20);0.8500000238418579;0.5779937505722046;0.5928092002868652;0.0
213;Data(x=[35, 1], edge_index=[2, 66], edge_attr=[66, 2], y=6.0, custom_label=0.2, min_label=0, max_label=30);0.20000000298023224;0.4860272705554962;0.25679609179496765;0.0
214;Data(x=[56, 1], edge_index=[2, 110], edge_attr=[110, 2], y=19.0, custom_label=0.475, min_label=0, max_label=40);0.4749999940395355;0.3606984317302704;0.6327934265136719;0.0
215;Data(x=[11, 1], edge_index=[2, 14], edge_attr=[14, 2], y=3.0, custom_label=0.27272728, min_label=0, max_label=11);0.27272728085517883;0.46165046095848083;0.4751722514629364;0.0
216;Data(x=[38, 1], edge_index=[2, 74], edge_attr=[74, 2], y=13.0, custom_label=0.44827586, min_label=0, max_label=29);0.4482758641242981;0.5344016551971436;0.5976005792617798;0.0
217;Data(x=[45, 1], edge_index=[2, 86], edge_attr=[86, 2], y=17.0, custom_label=0.56666666, min_label=0, max_label=30);0.5666666626930237;0.5975359678268433;0.5204329490661621;0.0
218;Data(x=[11, 1], edge_index=[2, 20], edge_attr=[20, 2], y=2.0, custom_label=0.2, min_label=0, max_label=10);0.20000000298023224;0.5690122842788696;0.2670692503452301;0.0
219;Data(x=[33, 1], edge_index=[2, 64], edge_attr=[64, 2], y=20.0, custom_label=0.5882353, min_label=0, max_label=34);0.5882353186607361;0.2965056300163269;0.4860837459564209;0.0
220;Data(x=[32, 1], edge_index=[2, 58], edge_attr=[58, 2], y=12.0, custom_label=0.3529412, min_label=0, max_label=34);0.3529411852359772;0.40323999524116516;0.32853981852531433;0.0
221;Data(x=[26, 1], edge_index=[2, 50], edge_attr=[50, 2], y=7.0, custom_label=0.21875, min_label=0, max_label=32);0.21875;0.4391447603702545;0.3188365399837494;0.0
222;Data(x=[43, 1], edge_index=[2, 82], edge_attr=[82, 2], y=13.0, custom_label=0.41935483, min_label=0, max_label=31);0.4193548262119293;0.7100169658660889;0.4600326120853424;0.0
223;Data(x=[20, 1], edge_index=[2, 34], edge_attr=[34, 2], y=6.0, custom_label=0.3, min_label=0, max_label=20);0.30000001192092896;0.09971557557582855;0.07583480328321457;0.0
224;Data(x=[18, 1], edge_index=[2, 32], edge_attr=[32, 2], y=0.0, custom_label=0.0, min_label=0, max_label=20);0.0;0.10752475261688232;0.008863878436386585;0.0
225;Data(x=[26, 1], edge_index=[2, 48], edge_attr=[48, 2], y=10.0, custom_label=0.5, min_label=0, max_label=20);0.5;0.4692121148109436;0.5987407565116882;0.0
226;Data(x=[44, 1], edge_index=[2, 82], edge_attr=[82, 2], y=25.0, custom_label=0.8333333, min_label=0, max_label=30);0.8333333134651184;0.6334725022315979;0.5766841769218445;0.0
227;Data(x=[30, 1], edge_index=[2, 56], edge_attr=[56, 2], y=21.0, custom_label=0.61764705, min_label=0, max_label=34);0.6176470518112183;0.5931532382965088;0.7823665142059326;0.0
228;Data(x=[13, 1], edge_index=[2, 22], edge_attr=[22, 2], y=7.0, custom_label=0.5833333, min_label=0, max_label=12);0.5833333134651184;0.4913356602191925;0.5149555802345276;0.0
229;Data(x=[15, 1], edge_index=[2, 26], edge_attr=[26, 2], y=7.0, custom_label=0.53846157, min_label=0, max_label=13);0.5384615659713745;0.40543368458747864;0.33323562145233154;0.0
230;Data(x=[29, 1], edge_index=[2, 56], edge_attr=[56, 2], y=2.0, custom_label=0.05882353, min_label=0, max_label=34);0.05882352963089943;0.029570607468485832;0.009217130951583385;0.0
231;Data(x=[18, 1], edge_index=[2, 30], edge_attr=[30, 2], y=2.0, custom_label=0.09090909, min_label=0, max_label=22);0.09090909361839294;0.5147119164466858;0.37259265780448914;0.0
232;Data(x=[28, 1], edge_index=[2, 50], edge_attr=[50, 2], y=22.0, custom_label=0.6875, min_label=0, max_label=32);0.6875;0.4938203990459442;0.44537973403930664;0.0
233;Data(x=[43, 1], edge_index=[2, 80], edge_attr=[80, 2], y=12.0, custom_label=0.4, min_label=0, max_label=30);0.4000000059604645;0.6715532541275024;0.4561239182949066;0.0
234;Data(x=[57, 1], edge_index=[2, 112], edge_attr=[112, 2], y=0.0, custom_label=0.0, min_label=0, max_label=36);0.0;0.07855585962533951;0.010773995891213417;0.0
235;Data(x=[10, 1], edge_index=[2, 16], edge_attr=[16, 2], y=5.0, custom_label=0.45454547, min_label=0, max_label=11);0.4545454680919647;0.5006886720657349;0.49646422266960144;0.0
236;Data(x=[26, 1], edge_index=[2, 48], edge_attr=[48, 2], y=7.0, custom_label=0.35, min_label=0, max_label=20);0.3499999940395355;0.662075936794281;0.35953542590141296;0.0
237;Data(x=[38, 1], edge_index=[2, 70], edge_attr=[70, 2], y=18.0, custom_label=0.75, min_label=0, max_label=24);0.75;0.7054384350776672;0.7566976547241211;0.0
238;Data(x=[23, 1], edge_index=[2, 44], edge_attr=[44, 2], y=15.0, custom_label=0.5769231, min_label=0, max_label=26);0.5769230723381042;0.6069926619529724;0.7995763421058655;0.0
239;Data(x=[19, 1], edge_index=[2, 34], edge_attr=[34, 2], y=3.0, custom_label=0.15, min_label=0, max_label=20);0.15000000596046448;0.33014383912086487;0.30573323369026184;0.0
240;Data(x=[21, 1], edge_index=[2, 36], edge_attr=[36, 2], y=4.0, custom_label=0.22222222, min_label=0, max_label=18);0.2222222238779068;0.5347923040390015;0.23493237793445587;0.0
241;Data(x=[44, 1], edge_index=[2, 82], edge_attr=[82, 2], y=24.0, custom_label=0.7741935, min_label=0, max_label=31);0.774193525314331;0.7284474968910217;0.5535736083984375;0.0
242;Data(x=[28, 1], edge_index=[2, 52], edge_attr=[52, 2], y=13.0, custom_label=0.40625, min_label=0, max_label=32);0.40625;0.3627730906009674;0.4739839732646942;0.0
243;Data(x=[60, 1], edge_index=[2, 118], edge_attr=[118, 2], y=40.0, custom_label=1.0, min_label=0, max_label=40);1.0;0.7048935294151306;0.8450481295585632;0.0
244;Data(x=[53, 1], edge_index=[2, 104], edge_attr=[104, 2], y=7.0, custom_label=0.175, min_label=0, max_label=40);0.17499999701976776;0.06884036213159561;0.10812915861606598;0.0
245;Data(x=[28, 1], edge_index=[2, 50], edge_attr=[50, 2], y=12.0, custom_label=0.4, min_label=0, max_label=30);0.4000000059604645;0.5389223694801331;0.4626104533672333;0.0
246;Data(x=[24, 1], edge_index=[2, 46], edge_attr=[46, 2], y=3.0, custom_label=0.0882353, min_label=0, max_label=34);0.0882352963089943;0.196144700050354;0.20506735146045685;0.0
247;Data(x=[19, 1], edge_index=[2, 24], edge_attr=[24, 2], y=10.0, custom_label=0.5, min_label=0, max_label=20);0.5;0.6315132975578308;0.5211359262466431;0.0
248;Data(x=[28, 1], edge_index=[2, 48], edge_attr=[48, 2], y=4.0, custom_label=0.11764706, min_label=0, max_label=34);0.11764705926179886;0.4074852168560028;0.2246519923210144;0.0
249;Data(x=[17, 1], edge_index=[2, 26], edge_attr=[26, 2], y=5.0, custom_label=0.23809524, min_label=0, max_label=21);0.2380952388048172;0.37978482246398926;0.3917335867881775;0.0
250;Data(x=[20, 1], edge_index=[2, 34], edge_attr=[34, 2], y=3.0, custom_label=0.16666667, min_label=0, max_label=18);0.1666666716337204;0.33289608359336853;0.22361302375793457;0.0
251;Data(x=[15, 1], edge_index=[2, 24], edge_attr=[24, 2], y=1.0, custom_label=0.05, min_label=0, max_label=20);0.05000000074505806;0.1005052775144577;0.08584252744913101;0.0
252;Data(x=[16, 1], edge_index=[2, 26], edge_attr=[26, 2], y=5.0, custom_label=0.3846154, min_label=0, max_label=13);0.38461539149284363;0.36498352885246277;0.5262799859046936;0.0
253;Data(x=[38, 1], edge_index=[2, 70], edge_attr=[70, 2], y=16.0, custom_label=0.5714286, min_label=0, max_label=28);0.5714285969734192;0.5227951407432556;0.7978851199150085;0.0
254;Data(x=[20, 1], edge_index=[2, 32], edge_attr=[32, 2], y=7.0, custom_label=0.4375, min_label=0, max_label=16);0.4375;0.6344483494758606;0.48020023107528687;0.0
255;Data(x=[21, 1], edge_index=[2, 34], edge_attr=[34, 2], y=10.0, custom_label=0.5555556, min_label=0, max_label=18);0.5555555820465088;0.6013221144676208;0.44741329550743103;0.0
256;Data(x=[26, 1], edge_index=[2, 50], edge_attr=[50, 2], y=14.0, custom_label=0.4117647, min_label=0, max_label=34);0.4117647111415863;0.28325900435447693;0.40506917238235474;0.0
257;Data(x=[27, 1], edge_index=[2, 52], edge_attr=[52, 2], y=12.0, custom_label=0.6, min_label=0, max_label=20);0.6000000238418579;0.6022367477416992;0.6082974672317505;0.0
258;Data(x=[57, 1], edge_index=[2, 110], edge_attr=[110, 2], y=21.0, custom_label=0.525, min_label=0, max_label=40);0.5249999761581421;0.45124685764312744;0.43738532066345215;0.0
259;Data(x=[26, 1], edge_index=[2, 44], edge_attr=[44, 2], y=14.0, custom_label=0.4117647, min_label=0, max_label=34);0.4117647111415863;0.7061530351638794;0.43891599774360657;0.0
260;Data(x=[28, 1], edge_index=[2, 46], edge_attr=[46, 2], y=17.0, custom_label=0.5, min_label=0, max_label=34);0.5;0.6407071352005005;0.24916931986808777;0.0
261;Data(x=[19, 1], edge_index=[2, 28], edge_attr=[28, 2], y=14.0, custom_label=0.6666667, min_label=0, max_label=21);0.6666666865348816;0.7715581059455872;0.7872163653373718;0.0
262;Data(x=[30, 1], edge_index=[2, 58], edge_attr=[58, 2], y=1.0, custom_label=0.035714287, min_label=0, max_label=28);0.0357142873108387;0.15549781918525696;0.4844992160797119;0.0
263;Data(x=[15, 1], edge_index=[2, 24], edge_attr=[24, 2], y=6.0, custom_label=0.6, min_label=0, max_label=10);0.6000000238418579;0.5043776035308838;0.7382223606109619;0.0
264;Data(x=[34, 1], edge_index=[2, 62], edge_attr=[62, 2], y=9.0, custom_label=0.36, min_label=0, max_label=25);0.36000001430511475;0.25493955612182617;0.3956077992916107;0.0
265;Data(x=[9, 1], edge_index=[2, 14], edge_attr=[14, 2], y=1.0, custom_label=0.09090909, min_label=0, max_label=11);0.09090909361839294;0.18153509497642517;0.1385481208562851;0.0
266;Data(x=[23, 1], edge_index=[2, 40], edge_attr=[40, 2], y=4.0, custom_label=0.15384616, min_label=0, max_label=26);0.1538461595773697;0.38919082283973694;0.5379345417022705;0.0
267;Data(x=[29, 1], edge_index=[2, 56], edge_attr=[56, 2], y=16.0, custom_label=0.47058824, min_label=0, max_label=34);0.47058823704719543;0.44429558515548706;0.411641389131546;0.0
268;Data(x=[20, 1], edge_index=[2, 34], edge_attr=[34, 2], y=5.0, custom_label=0.2777778, min_label=0, max_label=18);0.2777777910232544;0.32496580481529236;0.30713722109794617;0.0
269;Data(x=[26, 1], edge_index=[2, 48], edge_attr=[48, 2], y=7.0, custom_label=0.20588236, min_label=0, max_label=34);0.20588235557079315;0.4230775833129883;0.4560295641422272;0.0
270;Data(x=[11, 1], edge_index=[2, 16], edge_attr=[16, 2], y=5.0, custom_label=0.5, min_label=0, max_label=10);0.5;0.32991015911102295;0.3869170546531677;0.0
271;Data(x=[23, 1], edge_index=[2, 40], edge_attr=[40, 2], y=2.0, custom_label=0.0625, min_label=0, max_label=32);0.0625;0.3815672993659973;0.04698019102215767;0.0
272;Data(x=[47, 1], edge_index=[2, 92], edge_attr=[92, 2], y=16.0, custom_label=0.44444445, min_label=0, max_label=36);0.4444444477558136;0.37896743416786194;0.5331482291221619;0.0
273;Data(x=[10, 1], edge_index=[2, 16], edge_attr=[16, 2], y=3.0, custom_label=0.27272728, min_label=0, max_label=11);0.27272728085517883;0.17334580421447754;0.2768173813819885;0.0
274;Data(x=[25, 1], edge_index=[2, 46], edge_attr=[46, 2], y=17.0, custom_label=0.85, min_label=0, max_label=20);0.8500000238418579;0.7759017944335938;0.4852897524833679;0.0
275;Data(x=[41, 1], edge_index=[2, 78], edge_attr=[78, 2], y=24.0, custom_label=0.82758623, min_label=0, max_label=29);0.8275862336158752;0.7067039608955383;0.5891854763031006;0.0
276;Data(x=[26, 1], edge_index=[2, 40], edge_attr=[40, 2], y=22.0, custom_label=0.64705884, min_label=0, max_label=34);0.6470588445663452;0.6504355072975159;0.4638768434524536;0.0
277;Data(x=[28, 1], edge_index=[2, 46], edge_attr=[46, 2], y=19.0, custom_label=0.5588235, min_label=0, max_label=34);0.5588235259056091;0.5522814989089966;0.24020631611347198;0.0
278;Data(x=[43, 1], edge_index=[2, 84], edge_attr=[84, 2], y=2.0, custom_label=0.06666667, min_label=0, max_label=30);0.06666667014360428;0.03016176074743271;0.05538471043109894;0.0
279;Data(x=[26, 1], edge_index=[2, 50], edge_attr=[50, 2], y=9.0, custom_label=0.28125, min_label=0, max_label=32);0.28125;0.5882992744445801;0.416147917509079;0.0
280;Data(x=[45, 1], edge_index=[2, 88], edge_attr=[88, 2], y=19.0, custom_label=0.59375, min_label=0, max_label=32);0.59375;0.5601179599761963;0.6626518964767456;0.0
281;Data(x=[27, 1], edge_index=[2, 52], edge_attr=[52, 2], y=18.0, custom_label=0.9, min_label=0, max_label=20);0.8999999761581421;0.5895667672157288;0.4964137375354767;0.0
282;Data(x=[29, 1], edge_index=[2, 54], edge_attr=[54, 2], y=6.0, custom_label=0.2, min_label=0, max_label=30);0.20000000298023224;0.4769529402256012;0.4807484745979309;0.0
283;Data(x=[11, 1], edge_index=[2, 18], edge_attr=[18, 2], y=0.0, custom_label=0.0, min_label=0, max_label=11);0.0;0.051638808101415634;0.0717034563422203;0.0
284;Data(x=[38, 1], edge_index=[2, 70], edge_attr=[70, 2], y=11.0, custom_label=0.39285713, min_label=0, max_label=28);0.3928571343421936;0.4422181248664856;0.44180285930633545;0.0
285;Data(x=[19, 1], edge_index=[2, 30], edge_attr=[30, 2], y=12.0, custom_label=0.6, min_label=0, max_label=20);0.6000000238418579;0.5411873459815979;0.38699933886528015;0.0
286;Data(x=[27, 1], edge_index=[2, 50], edge_attr=[50, 2], y=0.0, custom_label=0.0, min_label=0, max_label=32);0.0;0.07124485820531845;0.005858371965587139;0.0
287;Data(x=[10, 1], edge_index=[2, 16], edge_attr=[16, 2], y=0.0, custom_label=0.0, min_label=0, max_label=11);0.0;0.09742431342601776;0.04119392856955528;0.0
288;Data(x=[20, 1], edge_index=[2, 34], edge_attr=[34, 2], y=4.0, custom_label=0.2, min_label=0, max_label=20);0.20000000298023224;0.30015793442726135;0.2514001429080963;0.0
289;Data(x=[33, 1], edge_index=[2, 62], edge_attr=[62, 2], y=20.0, custom_label=0.6666667, min_label=0, max_label=30);0.6666666865348816;0.5970845222473145;0.7543860077857971;0.0
290;Data(x=[20, 1], edge_index=[2, 36], edge_attr=[36, 2], y=0.0, custom_label=0.0, min_label=0, max_label=16);0.0;0.07691854983568192;0.015397671610116959;0.0
291;Data(x=[57, 1], edge_index=[2, 112], edge_attr=[112, 2], y=22.0, custom_label=0.55, min_label=0, max_label=40);0.550000011920929;0.5043261647224426;0.6884726285934448;0.0
292;Data(x=[25, 1], edge_index=[2, 42], edge_attr=[42, 2], y=13.0, custom_label=0.38235295, min_label=0, max_label=34);0.38235294818878174;0.7061530351638794;0.7081009149551392;0.0
293;Data(x=[50, 1], edge_index=[2, 98], edge_attr=[98, 2], y=22.0, custom_label=0.57894737, min_label=0, max_label=38);0.5789473652839661;0.6251538395881653;0.7254101634025574;0.0
294;Data(x=[16, 1], edge_index=[2, 28], edge_attr=[28, 2], y=0.0, custom_label=0.0, min_label=0, max_label=13);0.0;0.1709282398223877;0.01562575064599514;0.0
295;Data(x=[27, 1], edge_index=[2, 52], edge_attr=[52, 2], y=12.0, custom_label=0.375, min_label=0, max_label=32);0.375;0.6626516580581665;0.5157973766326904;0.0
296;Data(x=[37, 1], edge_index=[2, 70], edge_attr=[70, 2], y=12.0, custom_label=0.42857143, min_label=0, max_label=28);0.4285714328289032;0.27513235807418823;0.305080771446228;0.0
297;Data(x=[24, 1], edge_index=[2, 40], edge_attr=[40, 2], y=28.0, custom_label=0.875, min_label=0, max_label=32);0.875;0.9168684482574463;0.9000048041343689;0.0
298;Data(x=[12, 1], edge_index=[2, 18], edge_attr=[18, 2], y=13.0, custom_label=0.8125, min_label=0, max_label=16);0.8125;0.6728222966194153;0.5232775211334229;0.0
299;Data(x=[23, 1], edge_index=[2, 40], edge_attr=[40, 2], y=9.0, custom_label=0.34615386, min_label=0, max_label=26);0.3461538553237915;0.4908386468887329;0.41630950570106506;0.0
300;Data(x=[43, 1], edge_index=[2, 84], edge_attr=[84, 2], y=14.0, custom_label=0.4516129, min_label=0, max_label=31);0.4516128897666931;0.3700743317604065;0.4456152319908142;0.0
301;Data(x=[50, 1], edge_index=[2, 96], edge_attr=[96, 2], y=25.0, custom_label=0.65789473, min_label=0, max_label=38);0.6578947305679321;0.547260582447052;0.5612722635269165;0.0
302;Data(x=[14, 1], edge_index=[2, 24], edge_attr=[24, 2], y=5.0, custom_label=0.3125, min_label=0, max_label=16);0.3125;0.1958065629005432;0.3964553773403168;0.0
303;Data(x=[12, 1], edge_index=[2, 18], edge_attr=[18, 2], y=4.0, custom_label=0.4, min_label=0, max_label=10);0.4000000059604645;0.3771161437034607;0.3441063463687897;0.0
304;Data(x=[17, 1], edge_index=[2, 28], edge_attr=[28, 2], y=2.0, custom_label=0.09090909, min_label=0, max_label=22);0.09090909361839294;0.30770280957221985;0.17490991950035095;0.0
305;Data(x=[25, 1], edge_index=[2, 42], edge_attr=[42, 2], y=16.0, custom_label=0.53333336, min_label=0, max_label=30);0.5333333611488342;0.5758475065231323;0.5347009897232056;0.0
306;Data(x=[14, 1], edge_index=[2, 26], edge_attr=[26, 2], y=4.0, custom_label=0.4, min_label=0, max_label=10);0.4000000059604645;0.3242035508155823;0.648226797580719;0.0
307;Data(x=[30, 1], edge_index=[2, 52], edge_attr=[52, 2], y=21.0, custom_label=0.65625, min_label=0, max_label=32);0.65625;0.47087088227272034;0.4534969925880432;0.0
308;Data(x=[13, 1], edge_index=[2, 24], edge_attr=[24, 2], y=4.0, custom_label=0.36363637, min_label=0, max_label=11);0.3636363744735718;0.4576512277126312;0.6751594543457031;0.0
309;Data(x=[49, 1], edge_index=[2, 96], edge_attr=[96, 2], y=3.0, custom_label=0.08108108, min_label=0, max_label=37);0.0810810774564743;0.22099845111370087;0.13367663323879242;0.0
310;Data(x=[18, 1], edge_index=[2, 24], edge_attr=[24, 2], y=10.0, custom_label=0.7692308, min_label=0, max_label=13);0.7692307829856873;0.7669781446456909;0.600402295589447;0.0
311;Data(x=[26, 1], edge_index=[2, 50], edge_attr=[50, 2], y=7.0, custom_label=0.21875, min_label=0, max_label=32);0.21875;0.31272026896476746;0.3920399844646454;0.0
312;Data(x=[25, 1], edge_index=[2, 46], edge_attr=[46, 2], y=15.0, custom_label=0.75, min_label=0, max_label=20);0.75;0.5051054358482361;0.5031886696815491;0.0
313;Data(x=[23, 1], edge_index=[2, 42], edge_attr=[42, 2], y=5.0, custom_label=0.16666667, min_label=0, max_label=30);0.1666666716337204;0.3971879482269287;0.3830234110355377;0.0
314;Data(x=[14, 1], edge_index=[2, 26], edge_attr=[26, 2], y=4.0, custom_label=0.33333334, min_label=0, max_label=12);0.3333333432674408;0.3930557370185852;0.5711427927017212;0.0
315;Data(x=[20, 1], edge_index=[2, 34], edge_attr=[34, 2], y=25.0, custom_label=0.96153843, min_label=0, max_label=26);0.9615384340286255;0.9094663858413696;0.9557485580444336;0.0
316;Data(x=[39, 1], edge_index=[2, 72], edge_attr=[72, 2], y=24.0, custom_label=1.0, min_label=0, max_label=24);1.0;0.6625145673751831;0.7940142154693604;0.0
317;Data(x=[21, 1], edge_index=[2, 38], edge_attr=[38, 2], y=3.0, custom_label=0.115384616, min_label=0, max_label=26);0.11538461595773697;0.06253674626350403;0.051290418952703476;0.0
318;Data(x=[38, 1], edge_index=[2, 72], edge_attr=[72, 2], y=13.0, custom_label=0.44827586, min_label=0, max_label=29);0.4482758641242981;0.43852490186691284;0.4645279347896576;0.0
319;Data(x=[51, 1], edge_index=[2, 98], edge_attr=[98, 2], y=19.0, custom_label=0.475, min_label=0, max_label=40);0.4749999940395355;0.5595076680183411;0.5287408232688904;0.0
320;Data(x=[23, 1], edge_index=[2, 44], edge_attr=[44, 2], y=6.0, custom_label=0.21428572, min_label=0, max_label=28);0.2142857164144516;0.35436347126960754;0.37003326416015625;0.0
321;Data(x=[51, 1], edge_index=[2, 100], edge_attr=[100, 2], y=4.0, custom_label=0.10810811, min_label=0, max_label=37);0.10810811072587967;0.09333990514278412;0.14794586598873138;0.0
322;Data(x=[25, 1], edge_index=[2, 44], edge_attr=[44, 2], y=14.0, custom_label=0.53846157, min_label=0, max_label=26);0.5384615659713745;0.41895774006843567;0.4772542417049408;0.0
323;Data(x=[14, 1], edge_index=[2, 22], edge_attr=[22, 2], y=5.0, custom_label=0.41666666, min_label=0, max_label=12);0.4166666567325592;0.4328172206878662;0.35107263922691345;0.0
324;Data(x=[19, 1], edge_index=[2, 32], edge_attr=[32, 2], y=9.0, custom_label=0.5, min_label=0, max_label=18);0.5;0.6371612548828125;0.43427854776382446;0.0
325;Data(x=[26, 1], edge_index=[2, 50], edge_attr=[50, 2], y=10.0, custom_label=0.29411766, min_label=0, max_label=34);0.29411765933036804;0.362739622592926;0.37436509132385254;0.0
326;Data(x=[21, 1], edge_index=[2, 34], edge_attr=[34, 2], y=7.0, custom_label=0.25, min_label=0, max_label=28);0.25;0.4617188572883606;0.2627238929271698;0.0
327;Data(x=[20, 1], edge_index=[2, 32], edge_attr=[32, 2], y=6.0, custom_label=0.375, min_label=0, max_label=16);0.375;0.588844895362854;0.34765684604644775;0.0
328;Data(x=[46, 1], edge_index=[2, 90], edge_attr=[90, 2], y=0.0, custom_label=0.0, min_label=0, max_label=36);0.0;0.2036292850971222;0.017610015347599983;0.0
329;Data(x=[23, 1], edge_index=[2, 42], edge_attr=[42, 2], y=17.0, custom_label=0.65384614, min_label=0, max_label=26);0.6538461446762085;0.505949854850769;0.7318506240844727;0.0
330;Data(x=[15, 1], edge_index=[2, 24], edge_attr=[24, 2], y=2.0, custom_label=0.15384616, min_label=0, max_label=13);0.1538461595773697;0.3790760040283203;0.20619919896125793;0.0
331;Data(x=[19, 1], edge_index=[2, 32], edge_attr=[32, 2], y=7.0, custom_label=0.35, min_label=0, max_label=20);0.3499999940395355;0.3701043725013733;0.20548170804977417;0.0
332;Data(x=[37, 1], edge_index=[2, 70], edge_attr=[70, 2], y=2.0, custom_label=0.071428575, min_label=0, max_label=28);0.0714285746216774;0.1222810298204422;0.134598046541214;0.0
333;Data(x=[29, 1], edge_index=[2, 52], edge_attr=[52, 2], y=17.0, custom_label=0.5, min_label=0, max_label=34);0.5;0.5087835788726807;0.4241108000278473;0.0
334;Data(x=[27, 1], edge_index=[2, 50], edge_attr=[50, 2], y=17.0, custom_label=0.5, min_label=0, max_label=34);0.5;0.3790796101093292;0.556955873966217;0.0
335;Data(x=[62, 1], edge_index=[2, 118], edge_attr=[118, 2], y=31.0, custom_label=0.8611111, min_label=0, max_label=36);0.8611111044883728;0.5744819641113281;0.8375318050384521;0.0
336;Data(x=[30, 1], edge_index=[2, 54], edge_attr=[54, 2], y=1.0, custom_label=0.029411765, min_label=0, max_label=34);0.029411764815449715;0.07721608877182007;0.04626480117440224;0.0
337;Data(x=[16, 1], edge_index=[2, 28], edge_attr=[28, 2], y=4.0, custom_label=0.2, min_label=0, max_label=20);0.20000000298023224;0.4321404695510864;0.3604722321033478;0.0
338;Data(x=[12, 1], edge_index=[2, 20], edge_attr=[20, 2], y=4.0, custom_label=0.4, min_label=0, max_label=10);0.4000000059604645;0.40853747725486755;0.3645288050174713;0.0
339;Data(x=[45, 1], edge_index=[2, 88], edge_attr=[88, 2], y=23.0, custom_label=0.71875, min_label=0, max_label=32);0.71875;0.27761006355285645;0.6530172228813171;0.0
340;Data(x=[26, 1], edge_index=[2, 50], edge_attr=[50, 2], y=2.0, custom_label=0.05882353, min_label=0, max_label=34);0.05882352963089943;0.07488009333610535;0.13881966471672058;0.0
341;Data(x=[32, 1], edge_index=[2, 60], edge_attr=[60, 2], y=8.0, custom_label=0.32, min_label=0, max_label=25);0.3199999928474426;0.32721996307373047;0.3549080193042755;0.0
342;Data(x=[35, 1], edge_index=[2, 64], edge_attr=[64, 2], y=16.0, custom_label=0.5714286, min_label=0, max_label=28);0.5714285969734192;0.7275193333625793;0.5125718116760254;0.0
343;Data(x=[18, 1], edge_index=[2, 34], edge_attr=[34, 2], y=9.0, custom_label=0.45, min_label=0, max_label=20);0.44999998807907104;0.44470125436782837;0.3233986794948578;0.0
344;Data(x=[24, 1], edge_index=[2, 44], edge_attr=[44, 2], y=15.0, custom_label=0.5, min_label=0, max_label=30);0.5;0.5973576307296753;0.39773309230804443;0.0
345;Data(x=[18, 1], edge_index=[2, 32], edge_attr=[32, 2], y=5.0, custom_label=0.25, min_label=0, max_label=20);0.25;0.4201248586177826;0.3714725375175476;0.0
346;Data(x=[25, 1], edge_index=[2, 42], edge_attr=[42, 2], y=14.0, custom_label=0.46666667, min_label=0, max_label=30);0.46666666865348816;0.459883451461792;0.6861165761947632;0.0
347;Data(x=[17, 1], edge_index=[2, 30], edge_attr=[30, 2], y=1.0, custom_label=0.055555556, min_label=0, max_label=18);0.0555555559694767;0.10752475261688232;0.019686749204993248;0.0
348;Data(x=[22, 1], edge_index=[2, 40], edge_attr=[40, 2], y=3.0, custom_label=0.1875, min_label=0, max_label=16);0.1875;0.21480894088745117;0.644076406955719;0.0
349;Data(x=[24, 1], edge_index=[2, 46], edge_attr=[46, 2], y=1.0, custom_label=0.03125, min_label=0, max_label=32);0.03125;0.149941086769104;0.4825160503387451;0.0
350;Data(x=[26, 1], edge_index=[2, 44], edge_attr=[44, 2], y=4.0, custom_label=0.13333334, min_label=0, max_label=30);0.13333334028720856;0.3952813148498535;0.20351099967956543;0.0
351;Data(x=[26, 1], edge_index=[2, 48], edge_attr=[48, 2], y=3.0, custom_label=0.15, min_label=0, max_label=20);0.15000000596046448;0.48624223470687866;0.17657285928726196;0.0
352;Data(x=[50, 1], edge_index=[2, 98], edge_attr=[98, 2], y=27.0, custom_label=0.7297297, min_label=0, max_label=37);0.7297297120094299;0.7449998259544373;0.7145023345947266;0.0
353;Data(x=[28, 1], edge_index=[2, 46], edge_attr=[46, 2], y=23.0, custom_label=0.6764706, min_label=0, max_label=34);0.6764705777168274;0.565401554107666;0.28647181391716003;0.0
354;Data(x=[52, 1], edge_index=[2, 100], edge_attr=[100, 2], y=23.0, custom_label=0.6216216, min_label=0, max_label=37);0.6216216087341309;0.38748806715011597;0.5678434371948242;0.0
355;Data(x=[26, 1], edge_index=[2, 46], edge_attr=[46, 2], y=7.0, custom_label=0.23333333, min_label=0, max_label=30);0.23333333432674408;0.41059210896492004;0.2568812668323517;0.0
356;Data(x=[40, 1], edge_index=[2, 76], edge_attr=[76, 2], y=23.0, custom_label=0.7419355, min_label=0, max_label=31);0.7419354915618896;0.5943464636802673;0.654757559299469;0.0
357;Data(x=[11, 1], edge_index=[2, 16], edge_attr=[16, 2], y=8.0, custom_label=0.72727275, min_label=0, max_label=11);0.7272727489471436;0.5145554542541504;0.7836639285087585;0.0
358;Data(x=[53, 1], edge_index=[2, 102], edge_attr=[102, 2], y=22.0, custom_label=0.5945946, min_label=0, max_label=37);0.5945945978164673;0.38748806715011597;0.6852110028266907;0.0
359;Data(x=[13, 1], edge_index=[2, 22], edge_attr=[22, 2], y=0.0, custom_label=0.0, min_label=0, max_label=16);0.0;0.09971330314874649;0.037507329136133194;0.0
360;Data(x=[54, 1], edge_index=[2, 106], edge_attr=[106, 2], y=6.0, custom_label=0.15, min_label=0, max_label=40);0.15000000596046448;0.06884036213159561;0.07180072367191315;0.0
361;Data(x=[35, 1], edge_index=[2, 68], edge_attr=[68, 2], y=3.0, custom_label=0.10344828, min_label=0, max_label=29);0.1034482792019844;0.1268705427646637;0.17911478877067566;0.0
362;Data(x=[34, 1], edge_index=[2, 62], edge_attr=[62, 2], y=20.0, custom_label=0.8, min_label=0, max_label=25);0.800000011920929;0.30843958258628845;0.4314135015010834;0.0
363;Data(x=[28, 1], edge_index=[2, 48], edge_attr=[48, 2], y=16.0, custom_label=0.53333336, min_label=0, max_label=30);0.5333333611488342;0.7250517010688782;0.829595148563385;0.0
364;Data(x=[18, 1], edge_index=[2, 32], edge_attr=[32, 2], y=4.0, custom_label=0.1904762, min_label=0, max_label=21);0.190476194024086;0.4935061037540436;0.39005011320114136;0.0
365;Data(x=[19, 1], edge_index=[2, 32], edge_attr=[32, 2], y=3.0, custom_label=0.13636364, min_label=0, max_label=22);0.13636364042758942;0.5165249705314636;0.35169267654418945;0.0
366;Data(x=[35, 1], edge_index=[2, 68], edge_attr=[68, 2], y=0.0, custom_label=0.0, min_label=0, max_label=24);0.0;0.07506772130727768;0.009381159208714962;0.0
367;Data(x=[25, 1], edge_index=[2, 46], edge_attr=[46, 2], y=9.0, custom_label=0.3, min_label=0, max_label=30);0.30000001192092896;0.4764576554298401;0.4022979438304901;0.0
368;Data(x=[46, 1], edge_index=[2, 88], edge_attr=[88, 2], y=24.0, custom_label=0.72727275, min_label=0, max_label=33);0.7272727489471436;0.5863454937934875;0.7650278806686401;0.0
369;Data(x=[16, 1], edge_index=[2, 22], edge_attr=[22, 2], y=7.0, custom_label=0.35, min_label=0, max_label=20);0.3499999940395355;0.5449528694152832;0.4301665723323822;0.0
370;Data(x=[23, 1], edge_index=[2, 36], edge_attr=[36, 2], y=12.0, custom_label=0.42857143, min_label=0, max_label=28);0.4285714328289032;0.6152785420417786;0.3380562961101532;0.0
371;Data(x=[27, 1], edge_index=[2, 52], edge_attr=[52, 2], y=10.0, custom_label=0.3125, min_label=0, max_label=32);0.3125;0.33084121346473694;0.6767897009849548;0.0
372;Data(x=[24, 1], edge_index=[2, 42], edge_attr=[42, 2], y=3.0, custom_label=0.09375, min_label=0, max_label=32);0.09375;0.30770280957221985;0.07551071047782898;0.0
373;Data(x=[32, 1], edge_index=[2, 62], edge_attr=[62, 2], y=14.0, custom_label=0.4117647, min_label=0, max_label=34);0.4117647111415863;0.3725259006023407;0.40586498379707336;0.0
374;Data(x=[12, 1], edge_index=[2, 20], edge_attr=[20, 2], y=3.0, custom_label=0.1875, min_label=0, max_label=16);0.1875;0.40552589297294617;0.3897920846939087;0.0
375;Data(x=[38, 1], edge_index=[2, 72], edge_attr=[72, 2], y=28.0, custom_label=1.0, min_label=0, max_label=28);1.0;0.3930952250957489;0.45171618461608887;0.0
376;Data(x=[38, 1], edge_index=[2, 72], edge_attr=[72, 2], y=13.0, custom_label=0.40625, min_label=0, max_label=32);0.40625;0.7031744122505188;0.6350475549697876;0.0
377;Data(x=[37, 1], edge_index=[2, 70], edge_attr=[70, 2], y=3.0, custom_label=0.10344828, min_label=0, max_label=29);0.1034482792019844;0.11207012087106705;0.07438655942678452;0.0
378;Data(x=[14, 1], edge_index=[2, 24], edge_attr=[24, 2], y=1.0, custom_label=0.1, min_label=0, max_label=10);0.10000000149011612;0.23346956074237823;0.26147428154945374;0.0
379;Data(x=[45, 1], edge_index=[2, 88], edge_attr=[88, 2], y=21.0, custom_label=0.65625, min_label=0, max_label=32);0.65625;0.4699031710624695;0.6548482179641724;0.0
380;Data(x=[14, 1], edge_index=[2, 26], edge_attr=[26, 2], y=2.0, custom_label=0.16666667, min_label=0, max_label=12);0.1666666716337204;0.43883010745048523;0.2820638418197632;0.0
381;Data(x=[21, 1], edge_index=[2, 34], edge_attr=[34, 2], y=21.0, custom_label=0.75, min_label=0, max_label=28);0.75;0.8534281253814697;0.8348153829574585;0.0
382;Data(x=[27, 1], edge_index=[2, 50], edge_attr=[50, 2], y=3.0, custom_label=0.1, min_label=0, max_label=30);0.10000000149011612;0.28404995799064636;0.3041781187057495;0.0
383;Data(x=[23, 1], edge_index=[2, 34], edge_attr=[34, 2], y=9.0, custom_label=0.5625, min_label=0, max_label=16);0.5625;0.5676566362380981;0.5915694236755371;0.0
384;Data(x=[32, 1], edge_index=[2, 58], edge_attr=[58, 2], y=9.0, custom_label=0.2647059, min_label=0, max_label=34);0.2647058963775635;0.18794076144695282;0.4613632559776306;0.0
385;Data(x=[20, 1], edge_index=[2, 32], edge_attr=[32, 2], y=13.0, custom_label=0.65, min_label=0, max_label=20);0.6499999761581421;0.7258591651916504;0.3711366057395935;0.0
386;Data(x=[39, 1], edge_index=[2, 76], edge_attr=[76, 2], y=20.0, custom_label=0.6666667, min_label=0, max_label=30);0.6666666865348816;0.4591180682182312;0.6283771395683289;0.0
387;Data(x=[13, 1], edge_index=[2, 22], edge_attr=[22, 2], y=7.0, custom_label=0.4375, min_label=0, max_label=16);0.4375;0.32706451416015625;0.32933294773101807;0.0
388;Data(x=[25, 1], edge_index=[2, 38], edge_attr=[38, 2], y=25.0, custom_label=0.7352941, min_label=0, max_label=34);0.7352941036224365;0.7294266223907471;0.5429564714431763;0.0
389;Data(x=[48, 1], edge_index=[2, 92], edge_attr=[92, 2], y=32.0, custom_label=0.969697, min_label=0, max_label=33);0.9696969985961914;0.6537319421768188;0.6921210289001465;0.0
390;Data(x=[12, 1], edge_index=[2, 20], edge_attr=[20, 2], y=2.0, custom_label=0.2, min_label=0, max_label=10);0.20000000298023224;0.5047339797019958;0.3639540672302246;0.0
391;Data(x=[29, 1], edge_index=[2, 48], edge_attr=[48, 2], y=16.0, custom_label=0.47058824, min_label=0, max_label=34);0.47058823704719543;0.5522814989089966;0.19028626382350922;0.0
392;Data(x=[21, 1], edge_index=[2, 36], edge_attr=[36, 2], y=2.0, custom_label=0.071428575, min_label=0, max_label=28);0.0714285746216774;0.30770280957221985;0.04012691229581833;0.0
393;Data(x=[38, 1], edge_index=[2, 70], edge_attr=[70, 2], y=18.0, custom_label=0.64285713, min_label=0, max_label=28);0.6428571343421936;0.676110029220581;0.7638607025146484;0.0
394;Data(x=[24, 1], edge_index=[2, 44], edge_attr=[44, 2], y=11.0, custom_label=0.36666667, min_label=0, max_label=30);0.36666667461395264;0.37790197134017944;0.30868402123451233;0.0
395;Data(x=[32, 1], edge_index=[2, 62], edge_attr=[62, 2], y=19.0, custom_label=0.5588235, min_label=0, max_label=34);0.5588235259056091;0.40288084745407104;0.4931134879589081;0.0
396;Data(x=[20, 1], edge_index=[2, 34], edge_attr=[34, 2], y=23.0, custom_label=0.8214286, min_label=0, max_label=28);0.8214285969734192;0.942784309387207;0.44278645515441895;0.0
397;Data(x=[33, 1], edge_index=[2, 62], edge_attr=[62, 2], y=7.0, custom_label=0.25, min_label=0, max_label=28);0.25;0.48208534717559814;0.49137601256370544;0.0
