;item;Label;GINEModel;GENModel;GATModel
0;Data(x=[5, 5], edge_index=[2, 10], edge_attr=[10, 2], y=4.0, custom_label=0.33333334, min_label=0, max_label=12);0.3333333432674408;0.34840354323387146;0.18625696003437042;0.0
1;Data(x=[16, 5], edge_index=[2, 30], edge_attr=[30, 2], y=2.0, custom_label=0.06451613, min_label=0, max_label=31);0.06451612710952759;0.2233048677444458;0.034069985151290894;0.0
2;Data(x=[6, 5], edge_index=[2, 8], edge_attr=[8, 2], y=3.0, custom_label=0.23076923, min_label=0, max_label=13);0.23076923191547394;0.38922515511512756;0.23464465141296387;0.0
3;Data(x=[8, 5], edge_index=[2, 10], edge_attr=[10, 2], y=7.0, custom_label=0.35, min_label=0, max_label=20);0.3499999940395355;0.6089411973953247;0.4230891466140747;0.0
4;Data(x=[10, 5], edge_index=[2, 18], edge_attr=[18, 2], y=0.0, custom_label=0.0, min_label=0, max_label=32);0.0;0.004920612089335918;0.0006931953830644488;0.0
5;Data(x=[15, 5], edge_index=[2, 28], edge_attr=[28, 2], y=22.0, custom_label=0.7586207, min_label=0, max_label=29);0.7586206793785095;0.6579180955886841;0.7553576827049255;0.0
6;Data(x=[16, 5], edge_index=[2, 20], edge_attr=[20, 2], y=16.0, custom_label=0.516129, min_label=0, max_label=31);0.5161290168762207;0.5497485995292664;0.4059334099292755;0.0
7;Data(x=[17, 5], edge_index=[2, 28], edge_attr=[28, 2], y=27.0, custom_label=0.9, min_label=0, max_label=30);0.8999999761581421;0.9075215458869934;0.7429872155189514;0.0
8;Data(x=[8, 5], edge_index=[2, 10], edge_attr=[10, 2], y=5.0, custom_label=0.25, min_label=0, max_label=20);0.25;0.4430583417415619;0.10662439465522766;0.0
9;Data(x=[5, 5], edge_index=[2, 4], edge_attr=[4, 2], y=8.0, custom_label=0.8, min_label=0, max_label=10);0.800000011920929;0.48396074771881104;0.36917009949684143;0.0
10;Data(x=[15, 5], edge_index=[2, 24], edge_attr=[24, 2], y=21.0, custom_label=0.75, min_label=0, max_label=28);0.75;0.657195508480072;0.8963985443115234;0.0
11;Data(x=[9, 5], edge_index=[2, 6], edge_attr=[6, 2], y=17.0, custom_label=0.60714287, min_label=0, max_label=28);0.6071428656578064;0.7504784464836121;0.42329052090644836;0.0
12;Data(x=[7, 5], edge_index=[2, 12], edge_attr=[12, 2], y=12.0, custom_label=0.6, min_label=0, max_label=20);0.6000000238418579;0.7278160452842712;0.5368309020996094;0.0
13;Data(x=[6, 5], edge_index=[2, 8], edge_attr=[8, 2], y=3.0, custom_label=0.23076923, min_label=0, max_label=13);0.23076923191547394;0.04610278457403183;0.11358252167701721;0.0
14;Data(x=[9, 5], edge_index=[2, 14], edge_attr=[14, 2], y=3.0, custom_label=0.10714286, min_label=0, max_label=28);0.1071428582072258;0.2354004830121994;0.21585898101329803;0.0
15;Data(x=[9, 5], edge_index=[2, 16], edge_attr=[16, 2], y=0.0, custom_label=0.0, min_label=0, max_label=26);0.0;0.1324383020401001;0.0016012036940082908;0.0
16;Data(x=[8, 5], edge_index=[2, 14], edge_attr=[14, 2], y=0.0, custom_label=0.0, min_label=0, max_label=16);0.0;0.022823400795459747;0.015217707492411137;0.0
17;Data(x=[10, 5], edge_index=[2, 18], edge_attr=[18, 2], y=7.0, custom_label=0.21875, min_label=0, max_label=32);0.21875;0.3497675359249115;0.2901119589805603;0.0
18;Data(x=[15, 5], edge_index=[2, 28], edge_attr=[28, 2], y=10.0, custom_label=0.35714287, min_label=0, max_label=28);0.3571428656578064;0.4177972674369812;0.3945233225822449;0.0
19;Data(x=[10, 5], edge_index=[2, 18], edge_attr=[18, 2], y=3.0, custom_label=0.15, min_label=0, max_label=20);0.15000000596046448;0.21751049160957336;0.14224331080913544;0.0
20;Data(x=[17, 5], edge_index=[2, 30], edge_attr=[30, 2], y=18.0, custom_label=0.6, min_label=0, max_label=30);0.6000000238418579;0.5178552269935608;0.542857825756073;0.0
21;Data(x=[7, 5], edge_index=[2, 2], edge_attr=[2, 2], y=9.0, custom_label=0.42857143, min_label=0, max_label=21);0.4285714328289032;0.5039172768592834;0.47399789094924927;0.0
22;Data(x=[9, 5], edge_index=[2, 16], edge_attr=[16, 2], y=10.0, custom_label=0.35714287, min_label=0, max_label=28);0.3571428656578064;0.4275156557559967;0.5950385928153992;0.0
23;Data(x=[8, 5], edge_index=[2, 12], edge_attr=[12, 2], y=3.0, custom_label=0.15, min_label=0, max_label=20);0.15000000596046448;0.12093599140644073;0.06765666604042053;0.0
24;Data(x=[12, 5], edge_index=[2, 22], edge_attr=[22, 2], y=3.0, custom_label=0.0882353, min_label=0, max_label=34);0.0882352963089943;0.016666235402226448;0.01889319159090519;0.0
25;Data(x=[8, 5], edge_index=[2, 10], edge_attr=[10, 2], y=4.0, custom_label=0.25, min_label=0, max_label=16);0.25;0.42908433079719543;0.20131216943264008;0.0
26;Data(x=[4, 5], edge_index=[2, 2], edge_attr=[2, 2], y=3.0, custom_label=0.3, min_label=0, max_label=10);0.30000001192092896;0.4528453052043915;0.40483349561691284;0.0
27;Data(x=[20, 5], edge_index=[2, 38], edge_attr=[38, 2], y=29.0, custom_label=0.7837838, min_label=0, max_label=37);0.7837837934494019;0.6675978302955627;0.8201354742050171;0.0
28;Data(x=[10, 5], edge_index=[2, 18], edge_attr=[18, 2], y=14.0, custom_label=0.7, min_label=0, max_label=20);0.699999988079071;0.5862533450126648;0.5179233551025391;0.0
29;Data(x=[16, 5], edge_index=[2, 30], edge_attr=[30, 2], y=9.0, custom_label=0.29032257, min_label=0, max_label=31);0.29032257199287415;0.4928295910358429;0.3379361033439636;0.0
30;Data(x=[9, 5], edge_index=[2, 16], edge_attr=[16, 2], y=3.0, custom_label=0.115384616, min_label=0, max_label=26);0.11538461595773697;0.1186806857585907;0.17553535103797913;0.0
31;Data(x=[13, 5], edge_index=[2, 20], edge_attr=[20, 2], y=11.0, custom_label=0.39285713, min_label=0, max_label=28);0.3928571343421936;0.5305649638175964;0.4536067247390747;0.0
32;Data(x=[8, 5], edge_index=[2, 12], edge_attr=[12, 2], y=2.0, custom_label=0.11111111, min_label=0, max_label=18);0.1111111119389534;0.29054686427116394;0.1305745542049408;0.0
33;Data(x=[18, 5], edge_index=[2, 34], edge_attr=[34, 2], y=7.0, custom_label=0.21212122, min_label=0, max_label=33);0.21212121844291687;0.534498393535614;0.28001242876052856;0.0
34;Data(x=[15, 5], edge_index=[2, 24], edge_attr=[24, 2], y=10.0, custom_label=0.35714287, min_label=0, max_label=28);0.3571428656578064;0.18586000800132751;0.1543489396572113;0.0
35;Data(x=[10, 5], edge_index=[2, 10], edge_attr=[10, 2], y=10.0, custom_label=0.3125, min_label=0, max_label=32);0.3125;0.39371708035469055;0.4338296353816986;0.0
36;Data(x=[7, 5], edge_index=[2, 10], edge_attr=[10, 2], y=6.0, custom_label=0.27272728, min_label=0, max_label=22);0.27272728085517883;0.4788780212402344;0.2684006989002228;0.0
37;Data(x=[7, 5], edge_index=[2, 12], edge_attr=[12, 2], y=3.0, custom_label=0.13636364, min_label=0, max_label=22);0.13636364042758942;0.5326319336891174;0.6368301510810852;0.0
38;Data(x=[5, 5], edge_index=[2, 6], edge_attr=[6, 2], y=3.0, custom_label=0.3, min_label=0, max_label=10);0.30000001192092896;0.20255698263645172;0.15292488038539886;0.0
39;Data(x=[13, 5], edge_index=[2, 24], edge_attr=[24, 2], y=25.0, custom_label=1.0, min_label=0, max_label=25);1.0;0.9564140439033508;0.9509990811347961;0.0
40;Data(x=[19, 5], edge_index=[2, 36], edge_attr=[36, 2], y=15.0, custom_label=0.48387095, min_label=0, max_label=31);0.4838709533214569;0.48197582364082336;0.4430599510669708;0.0
41;Data(x=[22, 5], edge_index=[2, 42], edge_attr=[42, 2], y=12.0, custom_label=0.3, min_label=0, max_label=40);0.30000001192092896;0.41731390357017517;0.44517362117767334;0.0
42;Data(x=[9, 5], edge_index=[2, 12], edge_attr=[12, 2], y=4.0, custom_label=0.13333334, min_label=0, max_label=30);0.13333334028720856;0.20940770208835602;0.20851409435272217;0.0
43;Data(x=[4, 5], edge_index=[2, 2], edge_attr=[2, 2], y=2.0, custom_label=0.2, min_label=0, max_label=10);0.20000000298023224;0.403537392616272;0.44735071063041687;0.0
44;Data(x=[9, 5], edge_index=[2, 16], edge_attr=[16, 2], y=6.0, custom_label=0.23076923, min_label=0, max_label=26);0.23076923191547394;0.3650343120098114;0.3356977701187134;0.0
45;Data(x=[6, 5], edge_index=[2, 12], edge_attr=[12, 2], y=10.0, custom_label=0.7692308, min_label=0, max_label=13);0.7692307829856873;0.5326859354972839;0.006341078784316778;0.0
46;Data(x=[6, 5], edge_index=[2, 10], edge_attr=[10, 2], y=0.0, custom_label=0.0, min_label=0, max_label=13);0.0;0.024791818112134933;0.009328300133347511;0.0
47;Data(x=[8, 5], edge_index=[2, 10], edge_attr=[10, 2], y=6.0, custom_label=0.375, min_label=0, max_label=16);0.375;0.3929417133331299;0.4774397015571594;0.0
48;Data(x=[4, 5], edge_index=[2, 4], edge_attr=[4, 2], y=7.0, custom_label=0.6363636, min_label=0, max_label=11);0.6363636255264282;0.6676576137542725;0.48901841044425964;0.0
49;Data(x=[11, 5], edge_index=[2, 12], edge_attr=[12, 2], y=16.0, custom_label=0.5, min_label=0, max_label=32);0.5;0.3562256097793579;0.5896579027175903;0.0
50;Data(x=[11, 5], edge_index=[2, 12], edge_attr=[12, 2], y=15.0, custom_label=0.46875, min_label=0, max_label=32);0.46875;0.4958735704421997;0.5735556483268738;0.0
51;Data(x=[10, 5], edge_index=[2, 20], edge_attr=[20, 2], y=14.0, custom_label=0.7, min_label=0, max_label=20);0.699999988079071;0.6372644901275635;0.5777697563171387;0.0
52;Data(x=[21, 5], edge_index=[2, 38], edge_attr=[38, 2], y=5.0, custom_label=0.125, min_label=0, max_label=40);0.125;0.08611086755990982;0.04452359676361084;0.0
53;Data(x=[8, 5], edge_index=[2, 10], edge_attr=[10, 2], y=7.0, custom_label=0.3888889, min_label=0, max_label=18);0.3888888955116272;0.6479488015174866;0.31075233221054077;0.0
54;Data(x=[7, 5], edge_index=[2, 12], edge_attr=[12, 2], y=5.0, custom_label=0.23809524, min_label=0, max_label=21);0.2380952388048172;0.513958215713501;0.6262848973274231;0.0
55;Data(x=[8, 5], edge_index=[2, 10], edge_attr=[10, 2], y=12.0, custom_label=0.6666667, min_label=0, max_label=18);0.6666666865348816;0.4222841262817383;0.5817233324050903;0.0
56;Data(x=[4, 5], edge_index=[2, 2], edge_attr=[2, 2], y=3.0, custom_label=0.27272728, min_label=0, max_label=11);0.27272728085517883;0.3787555396556854;0.4670684337615967;0.0
57;Data(x=[15, 5], edge_index=[2, 28], edge_attr=[28, 2], y=2.0, custom_label=0.06896552, min_label=0, max_label=29);0.06896551698446274;0.10981282591819763;0.002245336538180709;0.0
58;Data(x=[11, 5], edge_index=[2, 12], edge_attr=[12, 2], y=10.0, custom_label=0.33333334, min_label=0, max_label=30);0.3333333432674408;0.4327293932437897;0.46078410744667053;0.0
59;Data(x=[11, 5], edge_index=[2, 16], edge_attr=[16, 2], y=15.0, custom_label=0.44117647, min_label=0, max_label=34);0.44117647409439087;0.6562258005142212;0.41596487164497375;0.0
60;Data(x=[6, 5], edge_index=[2, 6], edge_attr=[6, 2], y=16.0, custom_label=0.8, min_label=0, max_label=20);0.800000011920929;0.8512398600578308;0.7534703016281128;0.0
61;Data(x=[10, 5], edge_index=[2, 18], edge_attr=[18, 2], y=9.0, custom_label=0.45, min_label=0, max_label=20);0.44999998807907104;0.4396859407424927;0.538971483707428;0.0
62;Data(x=[5, 5], edge_index=[2, 8], edge_attr=[8, 2], y=4.0, custom_label=0.25, min_label=0, max_label=16);0.25;0.41931647062301636;0.4313777983188629;0.0
63;Data(x=[11, 5], edge_index=[2, 16], edge_attr=[16, 2], y=17.0, custom_label=0.56666666, min_label=0, max_label=30);0.5666666626930237;0.3035086989402771;0.32019561529159546;0.0
64;Data(x=[12, 5], edge_index=[2, 18], edge_attr=[18, 2], y=30.0, custom_label=0.88235295, min_label=0, max_label=34);0.8823529481887817;0.8764928579330444;0.838964581489563;0.0
65;Data(x=[6, 5], edge_index=[2, 8], edge_attr=[8, 2], y=5.0, custom_label=0.3846154, min_label=0, max_label=13);0.38461539149284363;0.5872219800949097;0.64982670545578;0.0
66;Data(x=[4, 5], edge_index=[2, 4], edge_attr=[4, 2], y=5.0, custom_label=0.5, min_label=0, max_label=10);0.5;0.4231802523136139;0.2938900887966156;0.0
67;Data(x=[16, 5], edge_index=[2, 26], edge_attr=[26, 2], y=29.0, custom_label=0.9354839, min_label=0, max_label=31);0.9354838728904724;0.7248279452323914;0.5536576509475708;0.0
68;Data(x=[4, 5], edge_index=[2, 4], edge_attr=[4, 2], y=11.0, custom_label=1.0, min_label=0, max_label=11);1.0;0.4538825452327728;0.8094769716262817;0.0
69;Data(x=[11, 5], edge_index=[2, 18], edge_attr=[18, 2], y=1.0, custom_label=0.033333335, min_label=0, max_label=30);0.03333333507180214;0.03833356499671936;0.05346304923295975;0.0
70;Data(x=[10, 5], edge_index=[2, 18], edge_attr=[18, 2], y=4.0, custom_label=0.11764706, min_label=0, max_label=34);0.11764705926179886;0.34864547848701477;0.054452743381261826;0.0
71;Data(x=[7, 5], edge_index=[2, 14], edge_attr=[14, 2], y=6.0, custom_label=0.3, min_label=0, max_label=20);0.30000001192092896;0.49300575256347656;0.8422987461090088;0.0
72;Data(x=[6, 5], edge_index=[2, 6], edge_attr=[6, 2], y=5.0, custom_label=0.25, min_label=0, max_label=20);0.25;0.41527464985847473;0.38389015197753906;0.0
73;Data(x=[8, 5], edge_index=[2, 16], edge_attr=[16, 2], y=8.0, custom_label=0.5, min_label=0, max_label=16);0.5;0.5801161527633667;0.4837896227836609;0.0
74;Data(x=[16, 5], edge_index=[2, 28], edge_attr=[28, 2], y=30.0, custom_label=0.9677419, min_label=0, max_label=31);0.9677419066429138;0.8058730363845825;0.5162386894226074;0.0
75;Data(x=[14, 5], edge_index=[2, 26], edge_attr=[26, 2], y=19.0, custom_label=0.6333333, min_label=0, max_label=30);0.6333333253860474;0.6804945468902588;0.7853237390518188;0.0
76;Data(x=[11, 5], edge_index=[2, 12], edge_attr=[12, 2], y=7.0, custom_label=0.20588236, min_label=0, max_label=34);0.20588235557079315;0.35530996322631836;0.293327271938324;0.0
77;Data(x=[10, 5], edge_index=[2, 16], edge_attr=[16, 2], y=3.0, custom_label=0.09375, min_label=0, max_label=32);0.09375;0.22716964781284332;0.19532650709152222;0.0
78;Data(x=[9, 5], edge_index=[2, 16], edge_attr=[16, 2], y=14.0, custom_label=0.46666667, min_label=0, max_label=30);0.46666666865348816;0.38288789987564087;0.30724331736564636;0.0
79;Data(x=[10, 5], edge_index=[2, 18], edge_attr=[18, 2], y=14.0, custom_label=0.4117647, min_label=0, max_label=34);0.4117647111415863;0.4617098271846771;0.4887946546077728;0.0
80;Data(x=[9, 5], edge_index=[2, 18], edge_attr=[18, 2], y=12.0, custom_label=0.42857143, min_label=0, max_label=28);0.4285714328289032;0.37782758474349976;0.8051236271858215;0.0
81;Data(x=[13, 5], edge_index=[2, 22], edge_attr=[22, 2], y=19.0, custom_label=0.76, min_label=0, max_label=25);0.7599999904632568;0.440406858921051;0.8016564846038818;0.0
82;Data(x=[7, 5], edge_index=[2, 12], edge_attr=[12, 2], y=1.0, custom_label=0.04761905, min_label=0, max_label=21);0.0476190485060215;0.04572080448269844;0.081410713493824;0.0
83;Data(x=[14, 5], edge_index=[2, 24], edge_attr=[24, 2], y=13.0, custom_label=0.43333334, min_label=0, max_label=30);0.4333333373069763;0.3651168644428253;0.403266578912735;0.0
84;Data(x=[17, 5], edge_index=[2, 30], edge_attr=[30, 2], y=25.0, custom_label=0.8333333, min_label=0, max_label=30);0.8333333134651184;0.6035547852516174;0.6042585372924805;0.0
85;Data(x=[4, 5], edge_index=[2, 4], edge_attr=[4, 2], y=6.0, custom_label=0.54545456, min_label=0, max_label=11);0.5454545617103577;0.333810955286026;0.4056081771850586;0.0
86;Data(x=[16, 5], edge_index=[2, 26], edge_attr=[26, 2], y=26.0, custom_label=0.83870965, min_label=0, max_label=31);0.8387096524238586;0.6568147540092468;0.6897056698799133;0.0
87;Data(x=[4, 5], edge_index=[2, 2], edge_attr=[2, 2], y=6.0, custom_label=0.54545456, min_label=0, max_label=11);0.5454545617103577;0.7708575129508972;0.3977746069431305;0.0
88;Data(x=[11, 5], edge_index=[2, 8], edge_attr=[8, 2], y=21.0, custom_label=0.7, min_label=0, max_label=30);0.699999988079071;0.7834253311157227;0.6397124528884888;0.0
89;Data(x=[5, 5], edge_index=[2, 6], edge_attr=[6, 2], y=7.0, custom_label=0.4375, min_label=0, max_label=16);0.4375;0.42194128036499023;0.46174246072769165;0.0
90;Data(x=[16, 5], edge_index=[2, 28], edge_attr=[28, 2], y=6.0, custom_label=0.19354838, min_label=0, max_label=31);0.19354838132858276;0.42182040214538574;0.1915721297264099;0.0
91;Data(x=[9, 5], edge_index=[2, 12], edge_attr=[12, 2], y=8.0, custom_label=0.30769232, min_label=0, max_label=26);0.3076923191547394;0.2664884328842163;0.2750968635082245;0.0
92;Data(x=[14, 5], edge_index=[2, 24], edge_attr=[24, 2], y=7.0, custom_label=0.23333333, min_label=0, max_label=30);0.23333333432674408;0.3697562515735626;0.30809861421585083;0.0
93;Data(x=[5, 5], edge_index=[2, 4], edge_attr=[4, 2], y=7.0, custom_label=0.7, min_label=0, max_label=10);0.699999988079071;0.44501927495002747;0.35291823744773865;0.0
94;Data(x=[5, 5], edge_index=[2, 8], edge_attr=[8, 2], y=8.0, custom_label=0.5, min_label=0, max_label=16);0.5;0.7313503623008728;0.20721979439258575;0.0
95;Data(x=[22, 5], edge_index=[2, 40], edge_attr=[40, 2], y=33.0, custom_label=0.825, min_label=0, max_label=40);0.824999988079071;0.7256290912628174;0.8352875113487244;0.0
96;Data(x=[7, 5], edge_index=[2, 8], edge_attr=[8, 2], y=18.0, custom_label=0.9, min_label=0, max_label=20);0.8999999761581421;0.7225996851921082;0.8481316566467285;0.0
97;Data(x=[7, 5], edge_index=[2, 8], edge_attr=[8, 2], y=11.0, custom_label=0.55, min_label=0, max_label=20);0.550000011920929;0.499773234128952;0.41023844480514526;0.0
98;Data(x=[10, 5], edge_index=[2, 20], edge_attr=[20, 2], y=8.0, custom_label=0.23529412, min_label=0, max_label=34);0.23529411852359772;0.2964553236961365;0.4147234559059143;0.0
99;Data(x=[6, 5], edge_index=[2, 4], edge_attr=[4, 2], y=7.0, custom_label=0.53846157, min_label=0, max_label=13);0.5384615659713745;0.6225523948669434;0.4802580177783966;0.0
100;Data(x=[20, 5], edge_index=[2, 36], edge_attr=[36, 2], y=33.0, custom_label=0.8918919, min_label=0, max_label=37);0.8918918967247009;0.7212732434272766;0.8987213969230652;0.0
101;Data(x=[9, 5], edge_index=[2, 16], edge_attr=[16, 2], y=1.0, custom_label=0.035714287, min_label=0, max_label=28);0.0357142873108387;0.07336069643497467;0.06873263418674469;0.0
102;Data(x=[11, 5], edge_index=[2, 20], edge_attr=[20, 2], y=0.0, custom_label=0.0, min_label=0, max_label=30);0.0;0.0427059642970562;0.0007049784762784839;0.0
103;Data(x=[11, 5], edge_index=[2, 12], edge_attr=[12, 2], y=6.0, custom_label=0.1764706, min_label=0, max_label=34);0.1764705926179886;0.317248672246933;0.29273727536201477;0.0
104;Data(x=[15, 5], edge_index=[2, 30], edge_attr=[30, 2], y=2.0, custom_label=0.06896552, min_label=0, max_label=29);0.06896551698446274;0.09770768135786057;0.012187322601675987;0.0
105;Data(x=[10, 5], edge_index=[2, 16], edge_attr=[16, 2], y=13.0, custom_label=0.38235295, min_label=0, max_label=34);0.38235294818878174;0.45913341641426086;0.5483704805374146;0.0
106;Data(x=[14, 5], edge_index=[2, 26], edge_attr=[26, 2], y=5.0, custom_label=0.20833333, min_label=0, max_label=24);0.2083333283662796;0.349515825510025;0.3242586553096771;0.0
107;Data(x=[20, 5], edge_index=[2, 40], edge_attr=[40, 2], y=8.0, custom_label=0.21621622, min_label=0, max_label=37);0.21621622145175934;0.1929081380367279;0.22343659400939941;0.0
108;Data(x=[8, 5], edge_index=[2, 8], edge_attr=[8, 2], y=14.0, custom_label=0.7777778, min_label=0, max_label=18);0.7777777910232544;0.6028218865394592;0.6432773470878601;0.0
109;Data(x=[6, 5], edge_index=[2, 8], edge_attr=[8, 2], y=9.0, custom_label=0.6923077, min_label=0, max_label=13);0.692307710647583;0.5850059390068054;0.39138633012771606;0.0
110;Data(x=[7, 5], edge_index=[2, 12], edge_attr=[12, 2], y=1.0, custom_label=0.05, min_label=0, max_label=20);0.05000000074505806;0.3296736180782318;0.11667213588953018;0.0
111;Data(x=[18, 5], edge_index=[2, 32], edge_attr=[32, 2], y=31.0, custom_label=0.96875, min_label=0, max_label=32);0.96875;0.29080575704574585;0.657301664352417;0.0
112;Data(x=[20, 5], edge_index=[2, 32], edge_attr=[32, 2], y=35.0, custom_label=0.92105263, min_label=0, max_label=38);0.9210526347160339;0.781822919845581;0.931253969669342;0.0
113;Data(x=[8, 5], edge_index=[2, 14], edge_attr=[14, 2], y=5.0, custom_label=0.25, min_label=0, max_label=20);0.25;0.5318046808242798;0.18945080041885376;0.0
114;Data(x=[8, 5], edge_index=[2, 16], edge_attr=[16, 2], y=6.0, custom_label=0.375, min_label=0, max_label=16);0.375;0.6138226389884949;0.4586160182952881;0.0
115;Data(x=[13, 5], edge_index=[2, 24], edge_attr=[24, 2], y=21.0, custom_label=0.84, min_label=0, max_label=25);0.8399999737739563;0.6493269205093384;0.7950359582901001;0.0
116;Data(x=[7, 5], edge_index=[2, 10], edge_attr=[10, 2], y=9.0, custom_label=0.4090909, min_label=0, max_label=22);0.40909090638160706;0.4495042562484741;0.5291312336921692;0.0
117;Data(x=[10, 5], edge_index=[2, 10], edge_attr=[10, 2], y=24.0, custom_label=0.75, min_label=0, max_label=32);0.75;0.6035664677619934;0.7796198129653931;0.0
118;Data(x=[5, 5], edge_index=[2, 8], edge_attr=[8, 2], y=0.0, custom_label=0.0, min_label=0, max_label=10);0.0;0.22511771321296692;0.007183894980698824;0.0
119;Data(x=[10, 5], edge_index=[2, 16], edge_attr=[16, 2], y=3.0, custom_label=0.09375, min_label=0, max_label=32);0.09375;0.27059265971183777;0.1847972720861435;0.0
120;Data(x=[11, 5], edge_index=[2, 18], edge_attr=[18, 2], y=2.0, custom_label=0.0625, min_label=0, max_label=32);0.0625;0.07206884026527405;0.10865326225757599;0.0
121;Data(x=[11, 5], edge_index=[2, 16], edge_attr=[16, 2], y=30.0, custom_label=0.88235295, min_label=0, max_label=34);0.8823529481887817;0.7599706649780273;0.09498075395822525;0.0
122;Data(x=[7, 5], edge_index=[2, 10], edge_attr=[10, 2], y=4.0, custom_label=0.2, min_label=0, max_label=20);0.20000000298023224;0.2096216082572937;0.18665826320648193;0.0
123;Data(x=[17, 5], edge_index=[2, 28], edge_attr=[28, 2], y=9.0, custom_label=0.3, min_label=0, max_label=30);0.30000001192092896;0.4192929267883301;0.5401301980018616;0.0
124;Data(x=[4, 5], edge_index=[2, 4], edge_attr=[4, 2], y=6.0, custom_label=0.6, min_label=0, max_label=10);0.6000000238418579;0.4038712680339813;0.5379633903503418;0.0
125;Data(x=[8, 5], edge_index=[2, 10], edge_attr=[10, 2], y=6.0, custom_label=0.33333334, min_label=0, max_label=18);0.3333333432674408;0.3275642991065979;0.39478451013565063;0.0
126;Data(x=[7, 5], edge_index=[2, 10], edge_attr=[10, 2], y=4.0, custom_label=0.18181819, min_label=0, max_label=22);0.1818181872367859;0.3672080338001251;0.32412004470825195;0.0
127;Data(x=[11, 5], edge_index=[2, 14], edge_attr=[14, 2], y=13.0, custom_label=0.43333334, min_label=0, max_label=30);0.4333333373069763;0.24260316789150238;0.3115488886833191;0.0
128;Data(x=[6, 5], edge_index=[2, 10], edge_attr=[10, 2], y=6.0, custom_label=0.46153846, min_label=0, max_label=13);0.4615384638309479;0.41482874751091003;0.7258468866348267;0.0
129;Data(x=[11, 5], edge_index=[2, 18], edge_attr=[18, 2], y=6.0, custom_label=0.1875, min_label=0, max_label=32);0.1875;0.3459141254425049;0.28018221259117126;0.0
130;Data(x=[9, 5], edge_index=[2, 14], edge_attr=[14, 2], y=12.0, custom_label=0.4, min_label=0, max_label=30);0.4000000059604645;0.5721063017845154;0.6380943059921265;0.0
131;Data(x=[13, 5], edge_index=[2, 22], edge_attr=[22, 2], y=11.0, custom_label=0.44, min_label=0, max_label=25);0.4399999976158142;0.2815167009830475;0.14969444274902344;0.0
132;Data(x=[15, 5], edge_index=[2, 28], edge_attr=[28, 2], y=0.0, custom_label=0.0, min_label=0, max_label=28);0.0;0.0015019765123724937;0.0001934389874804765;0.0
133;Data(x=[8, 5], edge_index=[2, 14], edge_attr=[14, 2], y=13.0, custom_label=0.8125, min_label=0, max_label=16);0.8125;0.6421574354171753;0.44382965564727783;0.0
134;Data(x=[22, 5], edge_index=[2, 44], edge_attr=[44, 2], y=0.0, custom_label=0.0, min_label=0, max_label=40);0.0;0.00788150355219841;0.0003029595536645502;0.0
135;Data(x=[8, 5], edge_index=[2, 8], edge_attr=[8, 2], y=3.0, custom_label=0.16666667, min_label=0, max_label=18);0.1666666716337204;0.4087977409362793;0.3528054654598236;0.0
136;Data(x=[10, 5], edge_index=[2, 18], edge_attr=[18, 2], y=0.0, custom_label=0.0, min_label=0, max_label=34);0.0;0.006467106752097607;0.0006931953830644488;0.0
137;Data(x=[8, 5], edge_index=[2, 8], edge_attr=[8, 2], y=10.0, custom_label=0.5555556, min_label=0, max_label=18);0.5555555820465088;0.48414936661720276;0.4151219427585602;0.0
138;Data(x=[22, 5], edge_index=[2, 40], edge_attr=[40, 2], y=25.0, custom_label=0.625, min_label=0, max_label=40);0.625;0.5522922277450562;0.5082429647445679;0.0
139;Data(x=[13, 5], edge_index=[2, 20], edge_attr=[20, 2], y=14.0, custom_label=0.56, min_label=0, max_label=25);0.5600000023841858;0.562255322933197;0.6881293654441833;0.0
140;Data(x=[4, 5], edge_index=[2, 6], edge_attr=[6, 2], y=0.0, custom_label=0.0, min_label=0, max_label=11);0.0;0.03079536370933056;0.0007107099518179893;0.0
141;Data(x=[12, 5], edge_index=[2, 12], edge_attr=[12, 2], y=17.0, custom_label=0.5, min_label=0, max_label=34);0.5;0.42276909947395325;0.5707409381866455;0.0
142;Data(x=[15, 5], edge_index=[2, 24], edge_attr=[24, 2], y=24.0, custom_label=0.85714287, min_label=0, max_label=28);0.8571428656578064;0.3816131353378296;0.9269142150878906;0.0
143;Data(x=[5, 5], edge_index=[2, 6], edge_attr=[6, 2], y=2.0, custom_label=0.125, min_label=0, max_label=16);0.125;0.42945873737335205;0.23725008964538574;0.0
144;Data(x=[11, 5], edge_index=[2, 16], edge_attr=[16, 2], y=18.0, custom_label=0.5294118, min_label=0, max_label=34);0.529411792755127;0.37038540840148926;0.25919803977012634;0.0
145;Data(x=[6, 5], edge_index=[2, 12], edge_attr=[12, 2], y=2.0, custom_label=0.15384616, min_label=0, max_label=13);0.1538461595773697;0.32401520013809204;0.11044617742300034;0.0
146;Data(x=[11, 5], edge_index=[2, 14], edge_attr=[14, 2], y=11.0, custom_label=0.32352942, min_label=0, max_label=34);0.3235294222831726;0.4364963173866272;0.39635032415390015;0.0
147;Data(x=[22, 5], edge_index=[2, 40], edge_attr=[40, 2], y=17.0, custom_label=0.425, min_label=0, max_label=40);0.42500001192092896;0.5080214738845825;0.5041610598564148;0.0
148;Data(x=[4, 5], edge_index=[2, 4], edge_attr=[4, 2], y=3.0, custom_label=0.27272728, min_label=0, max_label=11);0.27272728085517883;0.4231802523136139;0.2938900887966156;0.0
149;Data(x=[5, 5], edge_index=[2, 4], edge_attr=[4, 2], y=2.0, custom_label=0.16666667, min_label=0, max_label=12);0.1666666716337204;0.2800512909889221;0.25948473811149597;0.0
150;Data(x=[4, 5], edge_index=[2, 6], edge_attr=[6, 2], y=1.0, custom_label=0.1, min_label=0, max_label=10);0.10000000149011612;0.23241601884365082;0.1668473333120346;0.0
151;Data(x=[22, 5], edge_index=[2, 42], edge_attr=[42, 2], y=5.0, custom_label=0.125, min_label=0, max_label=40);0.125;0.2957419157028198;0.1880815178155899;0.0
152;Data(x=[9, 5], edge_index=[2, 16], edge_attr=[16, 2], y=0.0, custom_label=0.0, min_label=0, max_label=28);0.0;0.007386172190308571;0.0062512787990272045;0.0
153;Data(x=[14, 5], edge_index=[2, 22], edge_attr=[22, 2], y=7.0, custom_label=0.23333333, min_label=0, max_label=30);0.23333333432674408;0.2682870924472809;0.30990102887153625;0.0
154;Data(x=[8, 5], edge_index=[2, 12], edge_attr=[12, 2], y=10.0, custom_label=0.5, min_label=0, max_label=20);0.5;0.7046087980270386;0.5341880321502686;0.0
155;Data(x=[11, 5], edge_index=[2, 12], edge_attr=[12, 2], y=19.0, custom_label=0.59375, min_label=0, max_label=32);0.59375;0.6053158640861511;0.5823165774345398;0.0
156;Data(x=[19, 5], edge_index=[2, 36], edge_attr=[36, 2], y=6.0, custom_label=0.16666667, min_label=0, max_label=36);0.1666666716337204;0.16714295744895935;0.04751206934452057;0.0
157;Data(x=[12, 5], edge_index=[2, 16], edge_attr=[16, 2], y=6.0, custom_label=0.1764706, min_label=0, max_label=34);0.1764705926179886;0.181846484541893;0.21953624486923218;0.0
158;Data(x=[11, 5], edge_index=[2, 20], edge_attr=[20, 2], y=6.0, custom_label=0.1764706, min_label=0, max_label=34);0.1764705926179886;0.23448875546455383;0.2894718050956726;0.0
159;Data(x=[10, 5], edge_index=[2, 20], edge_attr=[20, 2], y=10.0, custom_label=0.5, min_label=0, max_label=20);0.5;0.42462655901908875;0.5357354879379272;0.0
160;Data(x=[15, 5], edge_index=[2, 28], edge_attr=[28, 2], y=24.0, custom_label=0.85714287, min_label=0, max_label=28);0.8571428656578064;0.7717309594154358;0.8795179128646851;0.0
161;Data(x=[13, 5], edge_index=[2, 22], edge_attr=[22, 2], y=5.0, custom_label=0.2, min_label=0, max_label=25);0.20000000298023224;0.21380215883255005;0.25626835227012634;0.0
162;Data(x=[16, 5], edge_index=[2, 24], edge_attr=[24, 2], y=27.0, custom_label=0.84375, min_label=0, max_label=32);0.84375;0.6481688618659973;0.836758017539978;0.0
163;Data(x=[18, 5], edge_index=[2, 34], edge_attr=[34, 2], y=11.0, custom_label=0.34375, min_label=0, max_label=32);0.34375;0.2540956437587738;0.3308854401111603;0.0
164;Data(x=[5, 5], edge_index=[2, 4], edge_attr=[4, 2], y=3.0, custom_label=0.3, min_label=0, max_label=10);0.30000001192092896;0.3177139163017273;0.2926934063434601;0.0
165;Data(x=[7, 5], edge_index=[2, 10], edge_attr=[10, 2], y=4.0, custom_label=0.18181819, min_label=0, max_label=22);0.1818181872367859;0.4469258189201355;0.26840072870254517;0.0
166;Data(x=[11, 5], edge_index=[2, 18], edge_attr=[18, 2], y=1.0, custom_label=0.03125, min_label=0, max_label=32);0.03125;0.06720976531505585;0.06016039848327637;0.0
167;Data(x=[5, 5], edge_index=[2, 8], edge_attr=[8, 2], y=0.0, custom_label=0.0, min_label=0, max_label=10);0.0;0.00593715300783515;0.0013760377187281847;0.0
168;Data(x=[14, 5], edge_index=[2, 26], edge_attr=[26, 2], y=23.0, custom_label=0.76666665, min_label=0, max_label=30);0.7666666507720947;0.6271424889564514;0.8585566282272339;0.0
169;Data(x=[10, 5], edge_index=[2, 18], edge_attr=[18, 2], y=2.0, custom_label=0.1, min_label=0, max_label=20);0.10000000149011612;0.21653226017951965;0.009326514787971973;0.0
170;Data(x=[8, 5], edge_index=[2, 12], edge_attr=[12, 2], y=2.0, custom_label=0.11111111, min_label=0, max_label=18);0.1111111119389534;0.17381151020526886;0.15569275617599487;0.0
171;Data(x=[8, 5], edge_index=[2, 6], edge_attr=[6, 2], y=14.0, custom_label=0.875, min_label=0, max_label=16);0.875;0.7725533843040466;0.6936826705932617;0.0
172;Data(x=[14, 5], edge_index=[2, 26], edge_attr=[26, 2], y=12.0, custom_label=0.4, min_label=0, max_label=30);0.4000000059604645;0.5492216348648071;0.488878071308136;0.0
173;Data(x=[4, 5], edge_index=[2, 2], edge_attr=[2, 2], y=4.0, custom_label=0.36363637, min_label=0, max_label=11);0.3636363744735718;0.5421639680862427;0.3977746069431305;0.0
174;Data(x=[7, 5], edge_index=[2, 10], edge_attr=[10, 2], y=3.0, custom_label=0.14285715, min_label=0, max_label=21);0.1428571492433548;0.44250181317329407;0.2514713704586029;0.0
175;Data(x=[6, 5], edge_index=[2, 6], edge_attr=[6, 2], y=7.0, custom_label=0.35, min_label=0, max_label=20);0.3499999940395355;0.5215274095535278;0.35358819365501404;0.0
176;Data(x=[10, 5], edge_index=[2, 16], edge_attr=[16, 2], y=11.0, custom_label=0.55, min_label=0, max_label=20);0.550000011920929;0.5096430778503418;0.5315887331962585;0.0
177;Data(x=[12, 5], edge_index=[2, 22], edge_attr=[22, 2], y=0.0, custom_label=0.0, min_label=0, max_label=34);0.0;0.14297950267791748;0.0064635141752660275;0.0
178;Data(x=[8, 5], edge_index=[2, 12], edge_attr=[12, 2], y=8.0, custom_label=0.4, min_label=0, max_label=20);0.4000000059604645;0.5753878951072693;0.2903968095779419;0.0
179;Data(x=[5, 5], edge_index=[2, 8], edge_attr=[8, 2], y=2.0, custom_label=0.125, min_label=0, max_label=16);0.125;0.19666188955307007;0.2675166428089142;0.0
180;Data(x=[11, 5], edge_index=[2, 14], edge_attr=[14, 2], y=30.0, custom_label=0.9375, min_label=0, max_label=32);0.9375;0.8398919105529785;0.97422194480896;0.0
181;Data(x=[11, 5], edge_index=[2, 20], edge_attr=[20, 2], y=0.0, custom_label=0.0, min_label=0, max_label=32);0.0;0.010963640175759792;0.0010966177796944976;0.0
182;Data(x=[20, 5], edge_index=[2, 38], edge_attr=[38, 2], y=32.0, custom_label=0.8648649, min_label=0, max_label=37);0.8648648858070374;0.7212732434272766;0.8773984909057617;0.0
183;Data(x=[15, 5], edge_index=[2, 22], edge_attr=[22, 2], y=23.0, custom_label=0.8214286, min_label=0, max_label=28);0.8214285969734192;0.6864290833473206;0.6250327229499817;0.0
184;Data(x=[10, 5], edge_index=[2, 6], edge_attr=[6, 2], y=14.0, custom_label=0.4117647, min_label=0, max_label=34);0.4117647111415863;0.41422778367996216;0.46276959776878357;0.0
185;Data(x=[5, 5], edge_index=[2, 6], edge_attr=[6, 2], y=5.0, custom_label=0.3125, min_label=0, max_label=16);0.3125;0.4496222734451294;0.311198353767395;0.0
186;Data(x=[17, 5], edge_index=[2, 30], edge_attr=[30, 2], y=21.0, custom_label=0.7241379, min_label=0, max_label=29);0.7241379022598267;0.5126614570617676;0.6828505396842957;0.0
187;Data(x=[10, 5], edge_index=[2, 20], edge_attr=[20, 2], y=6.0, custom_label=0.3, min_label=0, max_label=20);0.30000001192092896;0.33036598563194275;0.44250765442848206;0.0
188;Data(x=[8, 5], edge_index=[2, 14], edge_attr=[14, 2], y=9.0, custom_label=0.45, min_label=0, max_label=20);0.44999998807907104;0.7111617922782898;0.39521926641464233;0.0
189;Data(x=[4, 5], edge_index=[2, 4], edge_attr=[4, 2], y=4.0, custom_label=0.36363637, min_label=0, max_label=11);0.3636363744735718;0.3092294931411743;0.47268009185791016;0.0
190;Data(x=[17, 5], edge_index=[2, 32], edge_attr=[32, 2], y=5.0, custom_label=0.1724138, min_label=0, max_label=29);0.17241379618644714;0.28704702854156494;0.12695841491222382;0.0
191;Data(x=[14, 5], edge_index=[2, 26], edge_attr=[26, 2], y=7.0, custom_label=0.29166666, min_label=0, max_label=24);0.2916666567325592;0.5793798565864563;0.37287580966949463;0.0
192;Data(x=[6, 5], edge_index=[2, 8], edge_attr=[8, 2], y=1.0, custom_label=0.05, min_label=0, max_label=20);0.05000000074505806;0.15282392501831055;0.2938840389251709;0.0
193;Data(x=[11, 5], edge_index=[2, 20], edge_attr=[20, 2], y=8.0, custom_label=0.23529412, min_label=0, max_label=34);0.23529411852359772;0.27902600169181824;0.42334431409835815;0.0
194;Data(x=[7, 5], edge_index=[2, 8], edge_attr=[8, 2], y=9.0, custom_label=0.45, min_label=0, max_label=20);0.44999998807907104;0.5020194053649902;0.48649606108665466;0.0
195;Data(x=[13, 5], edge_index=[2, 24], edge_attr=[24, 2], y=6.0, custom_label=0.21428572, min_label=0, max_label=28);0.2142857164144516;0.30109187960624695;0.23190996050834656;0.0
196;Data(x=[5, 5], edge_index=[2, 8], edge_attr=[8, 2], y=4.0, custom_label=0.25, min_label=0, max_label=16);0.25;0.3877931237220764;0.3363301455974579;0.0
197;Data(x=[13, 5], edge_index=[2, 18], edge_attr=[18, 2], y=15.0, custom_label=0.6, min_label=0, max_label=25);0.6000000238418579;0.5654909014701843;0.5817203521728516;0.0
198;Data(x=[8, 5], edge_index=[2, 12], edge_attr=[12, 2], y=8.0, custom_label=0.44444445, min_label=0, max_label=18);0.4444444477558136;0.48211055994033813;0.478544145822525;0.0
199;Data(x=[14, 5], edge_index=[2, 26], edge_attr=[26, 2], y=11.0, custom_label=0.45833334, min_label=0, max_label=24);0.4583333432674408;0.4592764973640442;0.45876550674438477;0.0
200;Data(x=[7, 5], edge_index=[2, 10], edge_attr=[10, 2], y=20.0, custom_label=0.95238096, min_label=0, max_label=21);0.9523809552192688;0.9017181992530823;0.32440775632858276;0.0
201;Data(x=[4, 5], edge_index=[2, 4], edge_attr=[4, 2], y=2.0, custom_label=0.2, min_label=0, max_label=10);0.20000000298023224;0.17112848162651062;0.3486715853214264;0.0
202;Data(x=[15, 5], edge_index=[2, 26], edge_attr=[26, 2], y=5.0, custom_label=0.1724138, min_label=0, max_label=29);0.17241379618644714;0.22768007218837738;0.1399683952331543;0.0
203;Data(x=[19, 5], edge_index=[2, 34], edge_attr=[34, 2], y=4.0, custom_label=0.12903225, min_label=0, max_label=31);0.12903225421905518;0.16707824170589447;0.12712125480175018;0.0
204;Data(x=[4, 5], edge_index=[2, 4], edge_attr=[4, 2], y=4.0, custom_label=0.4, min_label=0, max_label=10);0.4000000059604645;0.49474865198135376;0.324725866317749;0.0
205;Data(x=[6, 5], edge_index=[2, 10], edge_attr=[10, 2], y=4.0, custom_label=0.30769232, min_label=0, max_label=13);0.3076923191547394;0.5127447843551636;0.46522417664527893;0.0
206;Data(x=[9, 5], edge_index=[2, 16], edge_attr=[16, 2], y=5.0, custom_label=0.17857143, min_label=0, max_label=28);0.1785714328289032;0.3773180842399597;0.16641905903816223;0.0
207;Data(x=[16, 5], edge_index=[2, 30], edge_attr=[30, 2], y=7.0, custom_label=0.22580644, min_label=0, max_label=31);0.22580644488334656;0.2768218517303467;0.31027236580848694;0.0
208;Data(x=[9, 5], edge_index=[2, 18], edge_attr=[18, 2], y=0.0, custom_label=0.0, min_label=0, max_label=28);0.0;0.01235569454729557;0.012269374914467335;0.0
209;Data(x=[4, 5], edge_index=[2, 4], edge_attr=[4, 2], y=3.0, custom_label=0.27272728, min_label=0, max_label=11);0.27272728085517883;0.5149744153022766;0.31000953912734985;0.0
210;Data(x=[15, 5], edge_index=[2, 28], edge_attr=[28, 2], y=1.0, custom_label=0.035714287, min_label=0, max_label=28);0.0357142873108387;0.013447503559291363;0.0553642176091671;0.0
211;Data(x=[10, 5], edge_index=[2, 16], edge_attr=[16, 2], y=2.0, custom_label=0.0625, min_label=0, max_label=32);0.0625;0.03905581682920456;0.056733082979917526;0.0
212;Data(x=[10, 5], edge_index=[2, 18], edge_attr=[18, 2], y=17.0, custom_label=0.85, min_label=0, max_label=20);0.8500000238418579;0.8447820544242859;0.7905561327934265;0.0
213;Data(x=[14, 5], edge_index=[2, 24], edge_attr=[24, 2], y=6.0, custom_label=0.2, min_label=0, max_label=30);0.20000000298023224;0.5209541916847229;0.2890595495700836;0.0
214;Data(x=[22, 5], edge_index=[2, 40], edge_attr=[40, 2], y=19.0, custom_label=0.475, min_label=0, max_label=40);0.4749999940395355;0.4381377100944519;0.4936326742172241;0.0
215;Data(x=[4, 5], edge_index=[2, 4], y=3.0, edge_attr=[4, 2], custom_label=0.27272728, min_label=0, max_label=11);0.27272728085517883;0.34350860118865967;0.31980183720588684;0.0
216;Data(x=[15, 5], edge_index=[2, 28], edge_attr=[28, 2], y=13.0, custom_label=0.44827586, min_label=0, max_label=29);0.4482758641242981;0.4363485872745514;0.3185517191886902;0.0
217;Data(x=[17, 5], edge_index=[2, 30], edge_attr=[30, 2], y=17.0, custom_label=0.56666666, min_label=0, max_label=30);0.5666666626930237;0.3834228515625;0.5280104875564575;0.0
218;Data(x=[4, 5], edge_index=[2, 8], edge_attr=[8, 2], y=2.0, custom_label=0.2, min_label=0, max_label=10);0.20000000298023224;0.594562828540802;0.09494370222091675;0.0
219;Data(x=[12, 5], edge_index=[2, 22], edge_attr=[22, 2], y=20.0, custom_label=0.5882353, min_label=0, max_label=34);0.5882353186607361;0.3929194211959839;0.7371054291725159;0.0
220;Data(x=[11, 5], edge_index=[2, 18], edge_attr=[18, 2], y=12.0, custom_label=0.3529412, min_label=0, max_label=34);0.3529411852359772;0.45145168900489807;0.4876537322998047;0.0
221;Data(x=[10, 5], edge_index=[2, 16], edge_attr=[16, 2], y=7.0, custom_label=0.21875, min_label=0, max_label=32);0.21875;0.5273856520652771;0.48404207825660706;0.0
222;Data(x=[16, 5], edge_index=[2, 30], edge_attr=[30, 2], y=13.0, custom_label=0.41935483, min_label=0, max_label=31);0.4193548262119293;0.5765511989593506;0.49921658635139465;0.0
223;Data(x=[8, 5], edge_index=[2, 12], edge_attr=[12, 2], y=6.0, custom_label=0.3, min_label=0, max_label=20);0.30000001192092896;0.0835123211145401;0.05523180216550827;0.0
224;Data(x=[8, 5], edge_index=[2, 14], edge_attr=[14, 2], y=0.0, custom_label=0.0, min_label=0, max_label=20);0.0;0.015306159853935242;0.002878438215702772;0.0
225;Data(x=[10, 5], edge_index=[2, 18], edge_attr=[18, 2], y=10.0, custom_label=0.5, min_label=0, max_label=20);0.5;0.5370053648948669;0.4859147071838379;0.0
226;Data(x=[17, 5], edge_index=[2, 28], edge_attr=[28, 2], y=25.0, custom_label=0.8333333, min_label=0, max_label=30);0.8333333134651184;0.5454368591308594;0.450815349817276;0.0
227;Data(x=[12, 5], edge_index=[2, 18], edge_attr=[18, 2], y=21.0, custom_label=0.61764705, min_label=0, max_label=34);0.6176470518112183;0.396904855966568;0.5819312930107117;0.0
228;Data(x=[5, 5], edge_index=[2, 4], edge_attr=[4, 2], y=7.0, custom_label=0.5833333, min_label=0, max_label=12);0.5833333134651184;0.48764699697494507;0.39598020911216736;0.0
229;Data(x=[6, 5], edge_index=[2, 8], edge_attr=[8, 2], y=7.0, custom_label=0.53846157, min_label=0, max_label=13);0.5384615659713745;0.4647514820098877;0.7519760727882385;0.0
230;Data(x=[12, 5], edge_index=[2, 24], edge_attr=[24, 2], y=2.0, custom_label=0.05882353, min_label=0, max_label=34);0.05882352963089943;0.02267305552959442;0.054969508200883865;0.0
231;Data(x=[7, 5], edge_index=[2, 8], edge_attr=[8, 2], y=2.0, custom_label=0.09090909, min_label=0, max_label=22);0.09090909361839294;0.3187703788280487;0.5157092213630676;0.0
232;Data(x=[11, 5], edge_index=[2, 16], edge_attr=[16, 2], y=22.0, custom_label=0.6875, min_label=0, max_label=32);0.6875;0.4438551366329193;0.5421947836875916;0.0
233;Data(x=[17, 5], edge_index=[2, 30], edge_attr=[30, 2], y=12.0, custom_label=0.4, min_label=0, max_label=30);0.4000000059604645;0.4825648367404938;0.4762038588523865;0.0
234;Data(x=[23, 5], edge_index=[2, 46], edge_attr=[46, 2], y=0.0, custom_label=0.0, min_label=0, max_label=36);0.0;0.08425267040729523;0.001163144246675074;0.0
235;Data(x=[4, 5], edge_index=[2, 4], edge_attr=[4, 2], y=5.0, custom_label=0.45454547, min_label=0, max_label=11);0.4545454680919647;0.5756824612617493;0.44843587279319763;0.0
236;Data(x=[10, 5], edge_index=[2, 16], edge_attr=[16, 2], y=7.0, custom_label=0.35, min_label=0, max_label=20);0.3499999940395355;0.6245578527450562;0.3911229074001312;0.0
237;Data(x=[14, 5], edge_index=[2, 22], edge_attr=[22, 2], y=18.0, custom_label=0.75, min_label=0, max_label=24);0.75;0.5972201228141785;0.7950555682182312;0.0
238;Data(x=[9, 5], edge_index=[2, 14], edge_attr=[14, 2], y=15.0, custom_label=0.5769231, min_label=0, max_label=26);0.5769230723381042;0.39236417412757874;0.5835818648338318;0.0
239;Data(x=[8, 5], edge_index=[2, 12], edge_attr=[12, 2], y=3.0, custom_label=0.15, min_label=0, max_label=20);0.15000000596046448;0.2745686173439026;0.12337145954370499;0.0
240;Data(x=[8, 5], edge_index=[2, 10], edge_attr=[10, 2], y=4.0, custom_label=0.22222222, min_label=0, max_label=18);0.2222222238779068;0.3373556435108185;0.20935514569282532;0.0
241;Data(x=[16, 5], edge_index=[2, 26], edge_attr=[26, 2], y=24.0, custom_label=0.7741935, min_label=0, max_label=31);0.774193525314331;0.669861912727356;0.6590777039527893;0.0
242;Data(x=[11, 5], edge_index=[2, 20], edge_attr=[20, 2], y=13.0, custom_label=0.40625, min_label=0, max_label=32);0.40625;0.5015723705291748;0.44566336274147034;0.0
243;Data(x=[22, 5], edge_index=[2, 42], edge_attr=[42, 2], y=40.0, custom_label=1.0, min_label=0, max_label=40);1.0;0.8379239439964294;0.9301523566246033;0.0
244;Data(x=[22, 5], edge_index=[2, 42], edge_attr=[42, 2], y=7.0, custom_label=0.175, min_label=0, max_label=40);0.17499999701976776;0.07647305727005005;0.17471031844615936;0.0
245;Data(x=[11, 5], edge_index=[2, 16], edge_attr=[16, 2], y=12.0, custom_label=0.4, min_label=0, max_label=30);0.4000000059604645;0.5297287702560425;0.45861169695854187;0.0
246;Data(x=[10, 5], edge_index=[2, 18], edge_attr=[18, 2], y=3.0, custom_label=0.0882353, min_label=0, max_label=34);0.0882352963089943;0.32613319158554077;0.24767372012138367;0.0
247;Data(x=[6, 5], edge_index=[2, 6], y=10.0, edge_attr=[6, 2], custom_label=0.5, min_label=0, max_label=20);0.5;0.5716041326522827;0.4856642782688141;0.0
248;Data(x=[12, 5], edge_index=[2, 18], edge_attr=[18, 2], y=4.0, custom_label=0.11764706, min_label=0, max_label=34);0.11764705926179886;0.3186351954936981;0.21139872074127197;0.0
249;Data(x=[7, 5], edge_index=[2, 6], edge_attr=[6, 2], y=5.0, custom_label=0.23809524, min_label=0, max_label=21);0.2380952388048172;0.2927152216434479;0.3282572329044342;0.0
250;Data(x=[8, 5], edge_index=[2, 12], edge_attr=[12, 2], y=3.0, custom_label=0.16666667, min_label=0, max_label=18);0.1666666716337204;0.29599103331565857;0.18989141285419464;0.0
251;Data(x=[6, 5], edge_index=[2, 8], edge_attr=[8, 2], y=1.0, custom_label=0.05, min_label=0, max_label=20);0.05000000074505806;0.002716361777856946;0.08196263760328293;0.0
252;Data(x=[6, 5], edge_index=[2, 6], edge_attr=[6, 2], y=5.0, custom_label=0.3846154, min_label=0, max_label=13);0.38461539149284363;0.45658421516418457;0.3565928339958191;0.0
253;Data(x=[15, 5], edge_index=[2, 24], edge_attr=[24, 2], y=16.0, custom_label=0.5714286, min_label=0, max_label=28);0.5714285969734192;0.49642208218574524;0.5178499221801758;0.0
254;Data(x=[8, 5], edge_index=[2, 8], edge_attr=[8, 2], y=7.0, custom_label=0.4375, min_label=0, max_label=16);0.4375;0.47273436188697815;0.5456458926200867;0.0
255;Data(x=[8, 5], edge_index=[2, 10], edge_attr=[10, 2], y=10.0, custom_label=0.5555556, min_label=0, max_label=18);0.5555555820465088;0.49191057682037354;0.4781028926372528;0.0
256;Data(x=[10, 5], edge_index=[2, 18], edge_attr=[18, 2], y=14.0, custom_label=0.4117647, min_label=0, max_label=34);0.4117647111415863;0.4841334819793701;0.6004800796508789;0.0
257;Data(x=[10, 5], edge_index=[2, 20], edge_attr=[20, 2], y=12.0, custom_label=0.6, min_label=0, max_label=20);0.6000000238418579;0.4981634318828583;0.6704149842262268;0.0
258;Data(x=[22, 5], edge_index=[2, 40], edge_attr=[40, 2], y=21.0, custom_label=0.525, min_label=0, max_label=40);0.5249999761581421;0.49402478337287903;0.6692526340484619;0.0
259;Data(x=[11, 5], edge_index=[2, 16], edge_attr=[16, 2], y=14.0, custom_label=0.4117647, min_label=0, max_label=34);0.4117647111415863;0.42566558718681335;0.6177998185157776;0.0
260;Data(x=[12, 5], edge_index=[2, 14], edge_attr=[14, 2], y=17.0, custom_label=0.5, min_label=0, max_label=34);0.5;0.5150046944618225;0.5525895357131958;0.0
261;Data(x=[7, 5], edge_index=[2, 6], edge_attr=[6, 2], y=14.0, custom_label=0.6666667, min_label=0, max_label=21);0.6666666865348816;0.6873847246170044;0.7260379791259766;0.0
262;Data(x=[13, 5], edge_index=[2, 24], edge_attr=[24, 2], y=1.0, custom_label=0.035714287, min_label=0, max_label=28);0.0357142873108387;0.1325591653585434;0.005810033064335585;0.0
263;Data(x=[5, 5], edge_index=[2, 4], edge_attr=[4, 2], y=6.0, custom_label=0.6, min_label=0, max_label=10);0.6000000238418579;0.5503829717636108;0.43407532572746277;0.0
264;Data(x=[13, 5], edge_index=[2, 20], edge_attr=[20, 2], y=9.0, custom_label=0.36, min_label=0, max_label=25);0.36000001430511475;0.25940635800361633;0.2995935380458832;0.0
265;Data(x=[4, 5], edge_index=[2, 4], edge_attr=[4, 2], y=1.0, custom_label=0.09090909, min_label=0, max_label=11);0.09090909361839294;0.08929314464330673;0.13715718686580658;0.0
266;Data(x=[9, 5], edge_index=[2, 14], edge_attr=[14, 2], y=4.0, custom_label=0.15384616, min_label=0, max_label=26);0.1538461595773697;0.21477010846138;0.3440610468387604;0.0
267;Data(x=[10, 5], edge_index=[2, 20], edge_attr=[20, 2], y=16.0, custom_label=0.47058824, min_label=0, max_label=34);0.47058823704719543;0.5330970883369446;0.47741928696632385;0.0
268;Data(x=[8, 5], edge_index=[2, 12], edge_attr=[12, 2], y=5.0, custom_label=0.2777778, min_label=0, max_label=18);0.2777777910232544;0.3982184827327728;0.3261201083660126;0.0
269;Data(x=[10, 5], edge_index=[2, 16], edge_attr=[16, 2], y=7.0, custom_label=0.20588236, min_label=0, max_label=34);0.20588235557079315;0.31434425711631775;0.6657581925392151;0.0
270;Data(x=[4, 5], edge_index=[2, 2], edge_attr=[2, 2], y=5.0, custom_label=0.5, min_label=0, max_label=10);0.5;0.37537315487861633;0.4145106077194214;0.0
271;Data(x=[10, 5], edge_index=[2, 16], edge_attr=[16, 2], y=2.0, custom_label=0.0625, min_label=0, max_label=32);0.0625;0.10928266495466232;0.14415094256401062;0.0
272;Data(x=[19, 5], edge_index=[2, 34], edge_attr=[34, 2], y=16.0, custom_label=0.44444445, min_label=0, max_label=36);0.4444444477558136;0.4101032614707947;0.35613876581192017;0.0
273;Data(x=[4, 5], edge_index=[2, 4], edge_attr=[4, 2], y=3.0, custom_label=0.27272728, min_label=0, max_label=11);0.27272728085517883;0.20253844559192657;0.20665617287158966;0.0
274;Data(x=[10, 5], edge_index=[2, 16], edge_attr=[16, 2], y=17.0, custom_label=0.85, min_label=0, max_label=20);0.8500000238418579;0.7258056998252869;0.8315048217773438;0.0
275;Data(x=[15, 5], edge_index=[2, 28], edge_attr=[28, 2], y=24.0, custom_label=0.82758623, min_label=0, max_label=29);0.8275862336158752;0.6099567413330078;0.6375206708908081;0.0
276;Data(x=[10, 5], edge_index=[2, 10], edge_attr=[10, 2], y=22.0, custom_label=0.64705884, min_label=0, max_label=34);0.6470588445663452;0.6484218835830688;0.47907254099845886;0.0
277;Data(x=[12, 5], edge_index=[2, 14], edge_attr=[14, 2], y=19.0, custom_label=0.5588235, min_label=0, max_label=34);0.5588235259056091;0.38900911808013916;0.5878720283508301;0.0
278;Data(x=[17, 5], edge_index=[2, 34], edge_attr=[34, 2], y=2.0, custom_label=0.06666667, min_label=0, max_label=30);0.06666667014360428;0.021772531792521477;0.001930137863382697;0.0
279;Data(x=[10, 5], edge_index=[2, 16], edge_attr=[16, 2], y=9.0, custom_label=0.28125, min_label=0, max_label=32);0.28125;0.43665367364883423;0.3644348978996277;0.0
280;Data(x=[18, 5], edge_index=[2, 34], edge_attr=[34, 2], y=19.0, custom_label=0.59375, min_label=0, max_label=32);0.59375;0.5342349410057068;0.6765435338020325;0.0
281;Data(x=[10, 5], edge_index=[2, 20], edge_attr=[20, 2], y=18.0, custom_label=0.9, min_label=0, max_label=20);0.8999999761581421;0.4982750415802002;0.6191071271896362;0.0
282;Data(x=[11, 5], edge_index=[2, 20], edge_attr=[20, 2], y=6.0, custom_label=0.2, min_label=0, max_label=30);0.20000000298023224;0.3122124969959259;0.38560110330581665;0.0
283;Data(x=[4, 5], edge_index=[2, 6], edge_attr=[6, 2], y=0.0, custom_label=0.0, min_label=0, max_label=11);0.0;0.017413204535841942;0.0025696088559925556;0.0
284;Data(x=[15, 5], edge_index=[2, 26], edge_attr=[26, 2], y=11.0, custom_label=0.39285713, min_label=0, max_label=28);0.3928571343421936;0.4773479998111725;0.2649150490760803;0.0
285;Data(x=[8, 5], edge_index=[2, 8], edge_attr=[8, 2], y=12.0, custom_label=0.6, min_label=0, max_label=20);0.6000000238418579;0.48318856954574585;0.34357979893684387;0.0
286;Data(x=[11, 5], edge_index=[2, 20], edge_attr=[20, 2], y=0.0, custom_label=0.0, min_label=0, max_label=32);0.0;0.016253845766186714;0.0027349747251719236;0.0
287;Data(x=[4, 5], edge_index=[2, 6], edge_attr=[6, 2], y=0.0, custom_label=0.0, min_label=0, max_label=11);0.0;0.008451302535831928;0.004725723993033171;0.0
288;Data(x=[8, 5], edge_index=[2, 12], edge_attr=[12, 2], y=4.0, custom_label=0.2, min_label=0, max_label=20);0.20000000298023224;0.28311648964881897;0.10593125224113464;0.0
289;Data(x=[14, 5], edge_index=[2, 24], edge_attr=[24, 2], y=20.0, custom_label=0.6666667, min_label=0, max_label=30);0.6666666865348816;0.503109335899353;0.4819623529911041;0.0
290;Data(x=[8, 5], edge_index=[2, 14], edge_attr=[14, 2], y=0.0, custom_label=0.0, min_label=0, max_label=16);0.0;0.0580778531730175;0.009879016317427158;0.0
291;Data(x=[22, 5], edge_index=[2, 42], edge_attr=[42, 2], y=22.0, custom_label=0.55, min_label=0, max_label=40);0.550000011920929;0.4499918818473816;0.5078899264335632;0.0
292;Data(x=[11, 5], edge_index=[2, 14], edge_attr=[14, 2], y=13.0, custom_label=0.38235295, min_label=0, max_label=34);0.38235294818878174;0.5025925636291504;0.5506142973899841;0.0
293;Data(x=[20, 5], edge_index=[2, 40], edge_attr=[40, 2], y=22.0, custom_label=0.57894737, min_label=0, max_label=38);0.5789473652839661;0.5104264616966248;0.5076161623001099;0.0
294;Data(x=[6, 5], edge_index=[2, 10], edge_attr=[10, 2], y=0.0, custom_label=0.0, min_label=0, max_label=13);0.0;0.016898412257432938;0.0009775832295417786;0.0
295;Data(x=[10, 5], edge_index=[2, 20], edge_attr=[20, 2], y=12.0, custom_label=0.375, min_label=0, max_label=32);0.375;0.6336398124694824;0.4309803247451782;0.0
296;Data(x=[15, 5], edge_index=[2, 26], edge_attr=[26, 2], y=12.0, custom_label=0.42857143, min_label=0, max_label=28);0.4285714328289032;0.3422851264476776;0.41841262578964233;0.0
297;Data(x=[10, 5], edge_index=[2, 14], edge_attr=[14, 2], y=28.0, custom_label=0.875, min_label=0, max_label=32);0.875;0.9034163355827332;0.9777637720108032;0.0
298;Data(x=[5, 5], edge_index=[2, 4], edge_attr=[4, 2], y=13.0, custom_label=0.8125, min_label=0, max_label=16);0.8125;0.71983402967453;0.2926934063434601;0.0
299;Data(x=[9, 5], edge_index=[2, 12], edge_attr=[12, 2], y=9.0, custom_label=0.34615386, min_label=0, max_label=26);0.3461538553237915;0.5071633458137512;0.3767852485179901;0.0
300;Data(x=[16, 5], edge_index=[2, 30], edge_attr=[30, 2], y=14.0, custom_label=0.4516129, min_label=0, max_label=31);0.4516128897666931;0.5072396993637085;0.7097897529602051;0.0
301;Data(x=[20, 5], edge_index=[2, 36], edge_attr=[36, 2], y=25.0, custom_label=0.65789473, min_label=0, max_label=38);0.6578947305679321;0.5997372269630432;0.6123369932174683;0.0
302;Data(x=[5, 5], edge_index=[2, 8], edge_attr=[8, 2], y=5.0, custom_label=0.3125, min_label=0, max_label=16);0.3125;0.3225329518318176;0.19603797793388367;0.0
303;Data(x=[4, 5], edge_index=[2, 4], edge_attr=[4, 2], y=4.0, custom_label=0.4, min_label=0, max_label=10);0.4000000059604645;0.4364399015903473;0.4559628665447235;0.0
304;Data(x=[7, 5], edge_index=[2, 10], edge_attr=[10, 2], y=2.0, custom_label=0.09090909, min_label=0, max_label=22);0.09090909361839294;0.08650150895118713;0.14499929547309875;0.0
305;Data(x=[9, 5], edge_index=[2, 12], edge_attr=[12, 2], y=16.0, custom_label=0.53333336, min_label=0, max_label=30);0.5333333611488342;0.4840751588344574;0.4842991828918457;0.0
306;Data(x=[5, 5], edge_index=[2, 10], edge_attr=[10, 2], y=4.0, custom_label=0.4, min_label=0, max_label=10);0.4000000059604645;0.37808042764663696;0.0199618898332119;0.0
307;Data(x=[11, 5], edge_index=[2, 16], edge_attr=[16, 2], y=21.0, custom_label=0.65625, min_label=0, max_label=32);0.65625;0.5444384217262268;0.5316691398620605;0.0
308;Data(x=[4, 5], edge_index=[2, 6], edge_attr=[6, 2], y=4.0, custom_label=0.36363637, min_label=0, max_label=11);0.3636363744735718;0.9663258194923401;0.5360618829727173;0.0
309;Data(x=[20, 5], edge_index=[2, 38], edge_attr=[38, 2], y=3.0, custom_label=0.08108108, min_label=0, max_label=37);0.0810810774564743;0.1003357321023941;0.16932106018066406;0.0
310;Data(x=[6, 5], edge_index=[2, 2], edge_attr=[2, 2], y=10.0, custom_label=0.7692308, min_label=0, max_label=13);0.7692307829856873;0.7822648882865906;0.49347731471061707;0.0
311;Data(x=[10, 5], edge_index=[2, 18], edge_attr=[18, 2], y=7.0, custom_label=0.21875, min_label=0, max_label=32);0.21875;0.41790246963500977;0.2914479374885559;0.0
312;Data(x=[10, 5], edge_index=[2, 16], edge_attr=[16, 2], y=15.0, custom_label=0.75, min_label=0, max_label=20);0.75;0.5379456281661987;0.5421990752220154;0.0
313;Data(x=[9, 5], edge_index=[2, 14], edge_attr=[14, 2], y=5.0, custom_label=0.16666667, min_label=0, max_label=30);0.1666666716337204;0.3511701822280884;0.19938968122005463;0.0
314;Data(x=[5, 5], edge_index=[2, 8], edge_attr=[8, 2], y=4.0, custom_label=0.33333334, min_label=0, max_label=12);0.3333333432674408;0.5066665410995483;0.37051114439964294;0.0
315;Data(x=[9, 5], edge_index=[2, 12], edge_attr=[12, 2], y=25.0, custom_label=0.96153843, min_label=0, max_label=26);0.9615384340286255;0.8209512829780579;0.17975232005119324;0.0
316;Data(x=[14, 5], edge_index=[2, 22], edge_attr=[22, 2], y=24.0, custom_label=1.0, min_label=0, max_label=24);1.0;0.6695024967193604;0.879030168056488;0.0
317;Data(x=[9, 5], edge_index=[2, 14], edge_attr=[14, 2], y=3.0, custom_label=0.115384616, min_label=0, max_label=26);0.11538461595773697;0.0825255960226059;0.10799210518598557;0.0
318;Data(x=[15, 5], edge_index=[2, 22], edge_attr=[22, 2], y=13.0, custom_label=0.44827586, min_label=0, max_label=29);0.4482758641242981;0.4841959774494171;0.4192875027656555;0.0
319;Data(x=[21, 5], edge_index=[2, 38], edge_attr=[38, 2], y=19.0, custom_label=0.475, min_label=0, max_label=40);0.4749999940395355;0.44896018505096436;0.4884037673473358;0.0
320;Data(x=[9, 5], edge_index=[2, 16], edge_attr=[16, 2], y=6.0, custom_label=0.21428572, min_label=0, max_label=28);0.2142857164144516;0.42662522196769714;0.4091654121875763;0.0
321;Data(x=[20, 5], edge_index=[2, 40], edge_attr=[40, 2], y=4.0, custom_label=0.10810811, min_label=0, max_label=37);0.10810811072587967;0.023181069642305374;0.148260697722435;0.0
322;Data(x=[9, 5], edge_index=[2, 14], edge_attr=[14, 2], y=14.0, custom_label=0.53846157, min_label=0, max_label=26);0.5384615659713745;0.47864818572998047;0.4805985987186432;0.0
323;Data(x=[5, 5], edge_index=[2, 6], edge_attr=[6, 2], y=5.0, custom_label=0.41666666, min_label=0, max_label=12);0.4166666567325592;0.4719601273536682;0.311198353767395;0.0
324;Data(x=[8, 5], edge_index=[2, 10], edge_attr=[10, 2], y=9.0, custom_label=0.5, min_label=0, max_label=18);0.5;0.5024030208587646;0.47131502628326416;0.0
325;Data(x=[10, 5], edge_index=[2, 18], edge_attr=[18, 2], y=10.0, custom_label=0.29411766, min_label=0, max_label=34);0.29411765933036804;0.5131270289421082;0.39409586787223816;0.0
326;Data(x=[9, 5], edge_index=[2, 10], edge_attr=[10, 2], y=7.0, custom_label=0.25, min_label=0, max_label=28);0.25;0.3171074688434601;0.3847880959510803;0.0
327;Data(x=[8, 5], edge_index=[2, 10], edge_attr=[10, 2], y=6.0, custom_label=0.375, min_label=0, max_label=16);0.375;0.34473738074302673;0.3816143274307251;0.0
328;Data(x=[19, 5], edge_index=[2, 36], edge_attr=[36, 2], y=0.0, custom_label=0.0, min_label=0, max_label=36);0.0;0.029199739918112755;0.0015992686385288835;0.0
329;Data(x=[9, 5], edge_index=[2, 14], edge_attr=[14, 2], y=17.0, custom_label=0.65384614, min_label=0, max_label=26);0.6538461446762085;0.4977268576622009;0.5220680236816406;0.0
330;Data(x=[6, 5], edge_index=[2, 8], edge_attr=[8, 2], y=2.0, custom_label=0.15384616, min_label=0, max_label=13);0.1538461595773697;0.1336878389120102;0.17161093652248383;0.0
331;Data(x=[8, 5], edge_index=[2, 10], edge_attr=[10, 2], y=7.0, custom_label=0.35, min_label=0, max_label=20);0.3499999940395355;0.2511904537677765;0.18899565935134888;0.0
332;Data(x=[15, 5], edge_index=[2, 26], edge_attr=[26, 2], y=2.0, custom_label=0.071428575, min_label=0, max_label=28);0.0714285746216774;0.2657500207424164;0.06339620798826218;0.0
333;Data(x=[11, 5], edge_index=[2, 16], edge_attr=[16, 2], y=17.0, custom_label=0.5, min_label=0, max_label=34);0.5;0.4598352909088135;0.2741691768169403;0.0
334;Data(x=[10, 5], edge_index=[2, 18], edge_attr=[18, 2], y=17.0, custom_label=0.5, min_label=0, max_label=34);0.5;0.8172945380210876;0.8131202459335327;0.0
335;Data(x=[23, 5], edge_index=[2, 42], edge_attr=[42, 2], y=31.0, custom_label=0.8611111, min_label=0, max_label=36);0.8611111044883728;0.7206924557685852;0.8662496209144592;0.0
336;Data(x=[12, 5], edge_index=[2, 20], edge_attr=[20, 2], y=1.0, custom_label=0.029411765, min_label=0, max_label=34);0.029411764815449715;0.004795990884304047;0.04568937048316002;0.0
337;Data(x=[6, 5], edge_index=[2, 6], edge_attr=[6, 2], y=4.0, custom_label=0.2, min_label=0, max_label=20);0.20000000298023224;0.4827006161212921;0.372947633266449;0.0
338;Data(x=[4, 5], edge_index=[2, 6], edge_attr=[6, 2], y=4.0, custom_label=0.4, min_label=0, max_label=10);0.4000000059604645;0.5602871179580688;0.32738757133483887;0.0
339;Data(x=[18, 5], edge_index=[2, 34], edge_attr=[34, 2], y=23.0, custom_label=0.71875, min_label=0, max_label=32);0.71875;0.6186750531196594;0.7905983924865723;0.0
340;Data(x=[10, 5], edge_index=[2, 20], edge_attr=[20, 2], y=2.0, custom_label=0.05882353, min_label=0, max_label=34);0.05882352963089943;0.3344188630580902;0.16440682113170624;0.0
341;Data(x=[13, 5], edge_index=[2, 20], edge_attr=[20, 2], y=8.0, custom_label=0.32, min_label=0, max_label=25);0.3199999928474426;0.24500274658203125;0.22963930666446686;0.0
342;Data(x=[13, 5], edge_index=[2, 22], edge_attr=[22, 2], y=16.0, custom_label=0.5714286, min_label=0, max_label=28);0.5714285969734192;0.5826637148857117;0.47590312361717224;0.0
343;Data(x=[7, 5], edge_index=[2, 8], edge_attr=[8, 2], y=9.0, custom_label=0.45, min_label=0, max_label=20);0.44999998807907104;0.4791456460952759;0.5905183553695679;0.0
344;Data(x=[9, 5], edge_index=[2, 14], edge_attr=[14, 2], y=15.0, custom_label=0.5, min_label=0, max_label=30);0.5;0.4821562170982361;0.32029208540916443;0.0
345;Data(x=[7, 5], edge_index=[2, 12], edge_attr=[12, 2], y=5.0, custom_label=0.25, min_label=0, max_label=20);0.25;0.4720160961151123;0.7100648283958435;0.0
346;Data(x=[9, 5], edge_index=[2, 12], edge_attr=[12, 2], y=14.0, custom_label=0.46666667, min_label=0, max_label=30);0.46666666865348816;0.5845813751220703;0.4225701689720154;0.0
347;Data(x=[8, 5], edge_index=[2, 12], edge_attr=[12, 2], y=1.0, custom_label=0.055555556, min_label=0, max_label=18);0.0555555559694767;0.012341009452939034;0.09436443448066711;0.0
348;Data(x=[8, 5], edge_index=[2, 14], edge_attr=[14, 2], y=3.0, custom_label=0.1875, min_label=0, max_label=16);0.1875;0.4745257794857025;0.12010247260332108;0.0
349;Data(x=[10, 5], edge_index=[2, 16], edge_attr=[16, 2], y=1.0, custom_label=0.03125, min_label=0, max_label=32);0.03125;0.015786761417984962;0.10174217075109482;0.0
350;Data(x=[11, 5], edge_index=[2, 16], edge_attr=[16, 2], y=4.0, custom_label=0.13333334, min_label=0, max_label=30);0.13333334028720856;0.15540683269500732;0.2097158133983612;0.0
351;Data(x=[10, 5], edge_index=[2, 16], edge_attr=[16, 2], y=3.0, custom_label=0.15, min_label=0, max_label=20);0.15000000596046448;0.5033472776412964;0.16015097498893738;0.0
352;Data(x=[20, 5], edge_index=[2, 38], edge_attr=[38, 2], y=27.0, custom_label=0.7297297, min_label=0, max_label=37);0.7297297120094299;0.7181309461593628;0.8201354742050171;0.0
353;Data(x=[12, 5], edge_index=[2, 14], edge_attr=[14, 2], y=23.0, custom_label=0.6764706, min_label=0, max_label=34);0.6764705777168274;0.6001169681549072;0.6187244653701782;0.0
354;Data(x=[20, 5], edge_index=[2, 36], edge_attr=[36, 2], y=23.0, custom_label=0.6216216, min_label=0, max_label=37);0.6216216087341309;0.6150326132774353;0.5046583414077759;0.0
355;Data(x=[9, 5], edge_index=[2, 14], edge_attr=[14, 2], y=7.0, custom_label=0.23333333, min_label=0, max_label=30);0.23333333432674408;0.5824058651924133;0.43169599771499634;0.0
356;Data(x=[16, 5], edge_index=[2, 28], edge_attr=[28, 2], y=23.0, custom_label=0.7419355, min_label=0, max_label=31);0.7419354915618896;0.5514556169509888;0.5566888451576233;0.0
357;Data(x=[4, 5], edge_index=[2, 4], edge_attr=[4, 2], y=8.0, custom_label=0.72727275, min_label=0, max_label=11);0.7272727489471436;0.7575699090957642;0.8088025450706482;0.0
358;Data(x=[20, 5], edge_index=[2, 38], edge_attr=[38, 2], y=22.0, custom_label=0.5945946, min_label=0, max_label=37);0.5945945978164673;0.5668781399726868;0.49778228998184204;0.0
359;Data(x=[5, 5], edge_index=[2, 8], edge_attr=[8, 2], y=0.0, custom_label=0.0, min_label=0, max_label=16);0.0;0.008504822850227356;0.0013760377187281847;0.0
360;Data(x=[22, 5], edge_index=[2, 44], edge_attr=[44, 2], y=6.0, custom_label=0.15, min_label=0, max_label=40);0.15000000596046448;0.07912711799144745;0.14481644332408905;0.0
361;Data(x=[15, 5], edge_index=[2, 28], edge_attr=[28, 2], y=3.0, custom_label=0.10344828, min_label=0, max_label=29);0.1034482792019844;0.13044105470180511;0.13895860314369202;0.0
362;Data(x=[13, 5], edge_index=[2, 20], edge_attr=[20, 2], y=20.0, custom_label=0.8, min_label=0, max_label=25);0.800000011920929;0.6557706594467163;0.6093292832374573;0.0
363;Data(x=[11, 5], edge_index=[2, 14], edge_attr=[14, 2], y=16.0, custom_label=0.53333336, min_label=0, max_label=30);0.5333333611488342;0.37022411823272705;0.27391013503074646;0.0
364;Data(x=[7, 5], edge_index=[2, 8], edge_attr=[8, 2], y=4.0, custom_label=0.1904762, min_label=0, max_label=21);0.190476194024086;0.4803655445575714;0.26762446761131287;0.0
365;Data(x=[7, 5], edge_index=[2, 10], edge_attr=[10, 2], y=3.0, custom_label=0.13636364, min_label=0, max_label=22);0.13636364042758942;0.18740035593509674;0.40161964297294617;0.0
366;Data(x=[14, 5], edge_index=[2, 28], edge_attr=[28, 2], y=0.0, custom_label=0.0, min_label=0, max_label=24);0.0;0.09398167580366135;0.013886966742575169;0.0
367;Data(x=[9, 5], edge_index=[2, 16], edge_attr=[16, 2], y=9.0, custom_label=0.3, min_label=0, max_label=30);0.30000001192092896;0.5192339420318604;0.4744773805141449;0.0
368;Data(x=[18, 5], edge_index=[2, 30], edge_attr=[30, 2], y=24.0, custom_label=0.72727275, min_label=0, max_label=33);0.7272727489471436;0.4958888292312622;0.7029638290405273;0.0
369;Data(x=[6, 5], edge_index=[2, 2], edge_attr=[2, 2], y=7.0, custom_label=0.35, min_label=0, max_label=20);0.3499999940395355;0.6139280796051025;0.47274625301361084;0.0
370;Data(x=[9, 5], edge_index=[2, 10], edge_attr=[10, 2], y=12.0, custom_label=0.42857143, min_label=0, max_label=28);0.4285714328289032;0.7178072333335876;0.5966966152191162;0.0
371;Data(x=[10, 5], edge_index=[2, 20], edge_attr=[20, 2], y=10.0, custom_label=0.3125, min_label=0, max_label=32);0.3125;0.5094614028930664;0.47450682520866394;0.0
372;Data(x=[11, 5], edge_index=[2, 16], edge_attr=[16, 2], y=3.0, custom_label=0.09375, min_label=0, max_label=32);0.09375;0.08203261345624924;0.1440521478652954;0.0
373;Data(x=[12, 5], edge_index=[2, 22], edge_attr=[22, 2], y=14.0, custom_label=0.4117647, min_label=0, max_label=34);0.4117647111415863;0.46289268136024475;0.4271361529827118;0.0
374;Data(x=[5, 5], edge_index=[2, 6], edge_attr=[6, 2], y=3.0, custom_label=0.1875, min_label=0, max_label=16);0.1875;0.3105188012123108;0.27994590997695923;0.0
375;Data(x=[15, 5], edge_index=[2, 26], edge_attr=[26, 2], y=28.0, custom_label=1.0, min_label=0, max_label=28);1.0;0.4203193783760071;0.819945216178894;0.0
376;Data(x=[16, 5], edge_index=[2, 26], edge_attr=[26, 2], y=13.0, custom_label=0.40625, min_label=0, max_label=32);0.40625;0.36148956418037415;0.508609414100647;0.0
377;Data(x=[15, 5], edge_index=[2, 26], edge_attr=[26, 2], y=3.0, custom_label=0.10344828, min_label=0, max_label=29);0.1034482792019844;0.12088750302791595;0.014284311793744564;0.0
378;Data(x=[5, 5], edge_index=[2, 6], edge_attr=[6, 2], y=1.0, custom_label=0.1, min_label=0, max_label=10);0.10000000149011612;0.4898848533630371;0.40082621574401855;0.0
379;Data(x=[18, 5], edge_index=[2, 34], edge_attr=[34, 2], y=21.0, custom_label=0.65625, min_label=0, max_label=32);0.65625;0.5612730979919434;0.6859830617904663;0.0
380;Data(x=[5, 5], edge_index=[2, 10], edge_attr=[10, 2], y=2.0, custom_label=0.16666667, min_label=0, max_label=12);0.1666666716337204;0.34593215584754944;0.036057036370038986;0.0
381;Data(x=[9, 5], edge_index=[2, 10], edge_attr=[10, 2], y=21.0, custom_label=0.75, min_label=0, max_label=28);0.75;0.8253735899925232;0.3586917519569397;0.0
382;Data(x=[11, 5], edge_index=[2, 18], edge_attr=[18, 2], y=3.0, custom_label=0.1, min_label=0, max_label=30);0.10000000149011612;0.2342778444290161;0.12272457778453827;0.0
383;Data(x=[8, 5], edge_index=[2, 6], edge_attr=[6, 2], y=9.0, custom_label=0.5625, min_label=0, max_label=16);0.5625;0.672545313835144;0.43998292088508606;0.0
384;Data(x=[12, 5], edge_index=[2, 20], edge_attr=[20, 2], y=9.0, custom_label=0.2647059, min_label=0, max_label=34);0.2647058963775635;0.3031124770641327;0.3733467161655426;0.0
385;Data(x=[8, 5], edge_index=[2, 10], edge_attr=[10, 2], y=13.0, custom_label=0.65, min_label=0, max_label=20);0.6499999761581421;0.5702503323554993;0.4944353401660919;0.0
386;Data(x=[14, 5], edge_index=[2, 26], edge_attr=[26, 2], y=20.0, custom_label=0.6666667, min_label=0, max_label=30);0.6666666865348816;0.6217288374900818;0.5195956230163574;0.0
387;Data(x=[5, 5], edge_index=[2, 6], edge_attr=[6, 2], y=7.0, custom_label=0.4375, min_label=0, max_label=16);0.4375;0.4496222734451294;0.311198353767395;0.0
388;Data(x=[10, 5], edge_index=[2, 8], edge_attr=[8, 2], y=25.0, custom_label=0.7352941, min_label=0, max_label=34);0.7352941036224365;0.7083660960197449;0.46509918570518494;0.0
389;Data(x=[18, 5], edge_index=[2, 28], edge_attr=[28, 2], y=32.0, custom_label=0.969697, min_label=0, max_label=33);0.9696969985961914;0.6465321779251099;0.6063011288642883;0.0
390;Data(x=[4, 5], edge_index=[2, 6], edge_attr=[6, 2], y=2.0, custom_label=0.2, min_label=0, max_label=10);0.20000000298023224;0.5746133327484131;0.37783125042915344;0.0
391;Data(x=[12, 5], edge_index=[2, 16], edge_attr=[16, 2], y=16.0, custom_label=0.47058824, min_label=0, max_label=34);0.47058823704719543;0.41139301657676697;0.4978068470954895;0.0
392;Data(x=[9, 5], edge_index=[2, 14], edge_attr=[14, 2], y=2.0, custom_label=0.071428575, min_label=0, max_label=28);0.0714285746216774;0.08203261345624924;0.13269498944282532;0.0
393;Data(x=[15, 5], edge_index=[2, 24], edge_attr=[24, 2], y=18.0, custom_label=0.64285713, min_label=0, max_label=28);0.6428571343421936;0.53154456615448;0.547975480556488;0.0
394;Data(x=[9, 5], edge_index=[2, 16], edge_attr=[16, 2], y=11.0, custom_label=0.36666667, min_label=0, max_label=30);0.36666667461395264;0.5009461045265198;0.5906947255134583;0.0
395;Data(x=[12, 5], edge_index=[2, 20], edge_attr=[20, 2], y=19.0, custom_label=0.5588235, min_label=0, max_label=34);0.5588235259056091;0.5124901533126831;0.4069697856903076;0.0
396;Data(x=[9, 5], edge_index=[2, 12], edge_attr=[12, 2], y=23.0, custom_label=0.8214286, min_label=0, max_label=28);0.8214285969734192;0.9126574397087097;0.903052568435669;0.0
397;Data(x=[13, 5], edge_index=[2, 24], edge_attr=[24, 2], y=7.0, custom_label=0.25, min_label=0, max_label=28);0.25;0.43695691227912903;0.37161773443222046;0.0
